發生地點,經度,緯度
屏東縣萬巒鄉鹿寮村三多路1-8號前0.0公尺附近,120.560111,22.567105
臺中市霧峰區西柳橋頭,120.680001,24.070698
南投縣仁愛鄉台8線 111公里100.0公尺處北側向外側,121.303376,24.191833
臺中市梧棲區福德里港埠路二段 / 臺中市梧棲區福德里中興路,120.536745,24.252353
新北市新莊區新北市新莊區中正路1號與中正路,121.465555,25.041909
雲林縣大埤鄉157線330464號燈處,120.416580,23.634047
臺南市玉井區台20線 28公里800.0公尺處西側向外側,120.423783,23.071161
苗栗縣南庄鄉台三線98.8公里處,120.957925,24.600989
臺中市龍井區竹坑里中華路1段前0.0公尺,120.543028,24.171578
嘉義縣布袋鎮東港里172線與村里道路路口,120.186905,23.373336
宜蘭縣冬山鄉鹿埔路東側 / 宜蘭縣冬山鄉鹿梅路東側,121.745872,24.656693
宜蘭縣三星鄉上將路2段190號附近,121.733743,24.696659
南投縣埔里鎮中正路129-10號,120.978169,23.946037
新北市五股區新北市五股區中興路3段與新五路2段,121.441968,25.081495
桃園市龍潭區龍新路三和段1689巷1號前0.0公尺,121.162304,24.845509
新北市淡水區新北市淡水區中正東路1段105巷與中正東路1段,121.453435,25.161918
臺中市大里區永隆里東榮路 / 臺中市大里區永隆里永隆路,120.676629,24.109353
屏東縣竹田鄉龍門路242號前0.0公尺附近,120.523701,22.625022
臺北市士林區大東路90-2號前0.0公尺,121.525558,25.091478
彰化縣花壇鄉崙雅村花秀路 / 彰化縣花壇鄉崙雅村花秀路,120.525469,24.032475
宜蘭縣五結鄉噶瑪蘭橋018號路燈附近,121.820238,24.712110
新北市板橋區新北市板橋區篤行路3段與玉平巷76弄,121.427843,24.985126
臺南市善化區南科七路與三抱竹路路口,120.268809,23.107662
臺東縣卑南鄉太平路口 / 臺東縣卑南鄉太平路口,121.081728,22.786144
嘉義縣溪口鄉游東村游厝庄嘉176線0.5公里處(電桿興安19南10A),120.396445,23.624008
高雄市彌陀區樂安路 / 高雄市彌陀區樂安路廟巷段,120.243525,22.767126
桃園市八德區福德一路附近 / 桃園市八德區和成路附近,121.322960,24.960730
苗栗縣通霄鎮台1線 124公里500.0公尺處南側,120.710727,24.565747
宜蘭縣羅東鎮仁愛路3段口 / 宜蘭縣羅東鎮復興路3段口,121.762810,24.699133
臺中市梧棲區橋柱P353前,120.526622,24.227253
臺中市沙鹿區沙鹿交流道機車道(匝道旁),120.592521,24.250328
臺中市北屯區陳平里中平路 / 臺中市北屯區陳平里敦化路二段,120.663479,24.185442
屏東縣竹田鄉光明路4之5號,120.529530,22.620011
臺北市中山區復興北路 / 臺北市中山區民生東路3段,121.544018,25.057853
臺南市東區東門路2段411號,120.229231,22.981324
彰化縣員林市東北里山腳路6段337號前0.0公尺前,120.591547,23.979805
屏東縣屏東市建國路382-2號前0.0公尺附近,120.467524,22.658249
新北市泰山區新北市泰山區民權街31號與民權街,121.428966,25.050740
彰化縣大村鄉村上村中正東路153-1號前0.0公尺西側,120.568079,23.989428
臺南市仁德區太子里太子路與土庫路口,120.257223,22.991556
高雄市林園區中門路333號前0.0公尺前,120.366022,22.508725
高雄市梓官區公館路石潭橋號前0.0公尺,120.273947,22.771166
屏東縣萬丹鄉水仙村大仁路199巷與大仁路(往西10公尺處),120.486166,22.549821
臺南市中西區民生路2段西側 / 臺南市中西區康樂街南側,120.195274,22.995693
臺南市東山區聖賢里區道南314線北勢寮91之2號前0.0公尺西側,120.361292,23.309723
彰化縣彰化市下廍里自強路352號前0.0公尺前,120.547814,24.091097
臺南市新營區嘉芳里新運五路(近新運二路口),120.281829,23.310689
苗栗縣銅鑼鄉國道1號 138公里700.0公尺處北側向外側,120.782498,24.483412
彰化縣社頭鄉橋頭村員集路3段263號前0.0公尺前,120.581711,23.912492
彰化縣和美鎮月眉里和港路307號前0.0公尺,120.490688,24.127287
臺中市大甲區德化里東西五路一段 / 臺中市大甲區德化里南北三路,120.626766,24.374901
臺中市大里區西湖里草堤路229號前0.0公尺,120.672991,24.081261
彰化縣福興鄉外中村番花路1段前0.0公尺,120.480364,24.017853
苗栗縣南庄鄉苗124乙線4.3公里處,120.999098,24.634867
臺中市北屯區平和里文心路四段123號前0.0公尺,120.675193,24.173921
宜蘭縣三星鄉台7甲線 6公里100.0公尺處東側向內側,121.507641,24.592609
高雄市田寮區西德路 / 高雄市田寮區西德路,120.385789,22.880606
高雄市大社區和平路1段118號前0.0公尺,120.301520,22.627160
臺東縣卑南鄉明峰村牧場60號,121.112814,22.867121
花蓮縣鳳林鎮花東公路口 / 花蓮縣鳳林鎮長橋路口,121.419328,23.707251
屏東縣恆春鎮恆春鎮恆東路與恆南路4巷路口,120.750790,22.004285
臺中市西屯區上安里上安路86號前0.0公尺,120.640339,24.170972
臺中市神岡區國道1號 168公里600.0公尺處北側向減速車道,120.689807,24.244319
臺南市歸仁區八甲里文化街一段口 / 臺南市歸仁區八甲里大仁街,120.300670,22.971547
臺北市萬華區東園街 / 臺北市萬華區東園街,121.497925,25.022701
臺中市大肚區頂街里自由路 / 臺中市大肚區頂街里華山路,120.547745,24.155704
雲林縣西螺鎮河南里社口路埔心17號電桿處,120.442779,23.792713
新竹縣芎林鄉富林路口 / 新竹縣芎林鄉竹林路口,121.096835,24.750009
高雄市鳥松區中正路 / 高雄市鳥松區大同路,120.371218,22.653973
高雄市湖內區中山路2段154號前0.0公尺前,120.228300,22.907570
臺南市下營區後街里中正北路北側 / 臺南市下營區後街里人和二街西側,120.261664,23.237488
桃園市楊梅區高上里高上路1段67之1號前0.0公尺,121.162883,24.937458
臺中市大甲區龍泉里中山路二段930-1號前0.0公尺,120.641973,24.401343
臺中市大肚區王田里沙田路1段108號前0.0公尺,120.576768,24.118855
臺東縣卑南鄉和平路東側 / 臺東縣卑南鄉和平路北側,121.091829,22.787285
花蓮縣秀林鄉和平村和平路83之1號前0.0公尺,121.747784,24.308947
新竹縣尖石鄉嘉樂村3鄰嘉樂路179-6號前0.0公尺附近,121.211806,24.705057
臺中市東區近東英六街,120.710303,24.139932
臺南市善化區南關里三民路口 / 臺南市善化區南關里永安路口,120.287805,23.129519
新北市板橋區新北市板橋區堤外機車專用道路與堤外機車專用道路(浮洲橫移門),121.469820,25.036062
臺南市歸仁區中正北路2段124號南側,120.293608,22.981622
彰化縣伸港鄉溪底村濱海路 / 彰化縣伸港鄉溪底村工五路,120.514398,24.167575
新北市中和區新北市中和區中正路64巷,121.501224,24.993962
新北市三峽區新北市三峽區介壽路3段115號,121.399058,24.942261
雲林縣褒忠鄉田洋村田洋80電桿前,120.309368,23.721012
桃園市中壢區中山東路3段106號前0.0公尺附近,121.248138,24.944359
新竹縣竹東鎮中興路一段270號前,121.069543,24.756867
桃園市中壢區培英路口 / 桃園市中壢區育英路口,121.224837,24.973751
臺中市龍井區龍泉里沙田路5段315巷前0.0公尺,120.543621,24.202581
桃園市大園區中山南路2段379號前0.0公尺,121.213342,25.026811
雲林縣北港鎮樹腳里大同路(路燈編號112625前),120.276445,23.579726
高雄市岡山區介壽西路前 / 高雄市岡山區通校路,120.281357,22.784276
桃園市新屋區聚賢路205號前0.0公尺,121.029669,24.994300
宜蘭縣礁溪鄉玉龍路二段87號前,121.787872,24.802050
高雄市岡山區嘉峰路 / 高雄市岡山區嘉峰路,120.311936,22.827783
新北市五股區新北市五股區中興路3段192號旁,121.443922,25.082755
新北市板橋區新北市板橋區環河西路4段000720號燈桿,121.485541,25.022253
高雄市鼓山區九如四路 / 高雄市鼓山區內惟路,120.283627,22.667691
臺南市中西區健康路1段10號,120.211739,22.981246
新竹市香山區延平路二段45巷口,120.942658,24.805041
桃園市中壢區中觀路二段(井厝幹28之30電桿)旁,121.163246,24.981192
臺南市安定區安加里區道南132線口 / 臺南市安定區安加里市道178線口,120.235299,23.115109
屏東縣崁頂鄉平和南路與龍港路口,120.474956,22.501589
桃園市大園區聖德北路538號前0.0公尺,121.194297,25.039071
新北市新莊區新北市新莊區福慧路與新知六路,121.458355,25.062229
苗栗縣西湖鄉119線8.5公里處,120.750040,24.545616
臺南市龍崎區182線往東22.7K附近,120.383248,22.948791
宜蘭縣員山鄉八甲路12-1號前0.0公尺,121.706298,24.723773
桃園市新屋區東明路110號旁產業道路,121.083728,24.975719
臺東縣達仁鄉台9戊線10.8K北上路肩,120.841546,22.252594
臺南市佳里區鎮山里佳南路口 / 臺南市佳里區鎮山里勝利路口,120.180075,23.148626
澎湖縣馬公市縣202線 4公里200.0公尺處北側向外側,119.631988,23.583061
雲林縣口湖鄉湖口村台17線道路北上107公里附近,120.173944,23.552485
屏東縣鹽埔鄉新埔路839號前0.0公尺,120.564391,22.753349
宜蘭縣宜蘭市東港橋上宜市路燈桿6265號前,121.758758,24.758010
桃園市桃園區三民路2段口 / 桃園市桃園區民生路,121.310445,24.999649
宜蘭縣三星鄉上將路七段與雙和一路口,121.644155,24.677092
臺中市西區中興里公益路 / 臺中市西區中興里美村路,120.661669,24.150855
臺東縣東河鄉台11線 126公里400.0公尺處附近,121.344379,23.059007
彰化縣大村鄉黃厝村美港路415號前0.0公尺前,120.582267,23.984253
雲林縣四湖鄉林厝村文化路20巷,120.193566,23.637083
桃園市楊梅區中山北路1段16號前0.0公尺,121.149606,24.907525
臺東縣大武鄉台9線 408公里700.0公尺處北側向外側,120.938144,22.440477
臺南市仁德區後壁里中正路二段附近 / 臺南市仁德區後壁里德洋路附近,120.251436,22.950224
基隆市安樂區安樂路二段145號前0.0公尺,121.724197,25.121314
臺北市大安區仁愛路4段 / 臺北市大安區復興南路1段,121.543741,25.038088
高雄市左營區大中二路 / 高雄市左營區博愛三路,120.310175,22.681073
苗栗縣苗栗市上苗里為公路口 / 苗栗縣苗栗市上苗里中正路口,120.824529,24.569970
屏東縣里港鄉載興村載南路40號前0.0公尺,120.529878,22.779269
臺南市新化區台20線 17.1公里,120.342676,23.066532
新北市鶯歌區新北市鶯歌區環河路32號,121.351623,24.944680
屏東縣屏東市潭墘里環河路前0.0公尺,120.446722,22.664956
桃園市楊梅區國道1號 68公里900.0公尺處南側向外側,121.126577,24.893840
新北市淡水區新北市淡水區中正東路2段115號,121.459521,25.150497
屏東縣內埔鄉豐田村建國路26號前0.0公尺附近,120.545835,22.643792
臺南市柳營區台1線 294公里200.0公尺處北側向機、慢車道,120.325274,23.275668
桃園市平鎮區快速路一段大溪往觀音編號P239橋墩旁,121.229597,24.908701
新竹縣關西鎮新力里竹21線1.5K處,121.132915,24.798812
苗栗縣公館鄉五谷村台6線與苗26線口,120.818764,24.528990
屏東縣屏東市棒球路口 / 屏東縣屏東市復興路.口,120.486907,22.657715
高雄市楠梓區右昌街110號前0.0公尺前,120.290696,22.709985
新北市泰山區新北市泰山區泰林路1段15號,121.440067,25.049859
新北市蘆洲區新北市蘆洲區2號越堤道與2號越堤道,121.473062,25.079465
苗栗縣三灣鄉台三線103.6公里處,120.955819,24.614288
臺中市西屯區西平北巷林厝公園入口處(西平北巷R17燈桿附近),120.623920,24.205091
新北市淡水區新北市淡水區淡金路2段與北新路,121.446047,25.193459
基隆市信義區基隆市信義區壽山路路段上,121.758280,25.133091
屏東縣枋山鄉台1線 457公里800.0公尺處北側向路肩,120.652989,22.261031
彰化縣二林鎮後厝里新華巷前0.0公尺,120.395753,23.904944
臺南市西港區南41線3.6公里處南下一般車道,120.180324,23.116953
臺東縣東河鄉台11線 147公里東側向內側,121.210765,22.865030
新竹縣竹北市國道1號 91公里500.0公尺處北側向外側,121.021903,24.833369
雲林縣西螺鎮大園里光復東路108號前,120.475290,23.797479
新北市土城區新北市土城區中央路2段與員福街,121.442174,24.978288
新竹市東區研新一路與研新四路,120.986875,24.777785
苗栗縣苗栗市國華路1212號前,120.813420,24.561377
苗栗縣竹南鎮苗3線電線桿(尖筆幹86AD8671BB36)附近,120.898904,24.726329
彰化縣北斗鎮中寮里斗苑路2段 / 彰化縣北斗鎮中寮里光前路,120.504903,23.880126
雲林縣元長鄉雲169鄉道與中山路9巷路口,120.306344,23.647980
高雄市路竹區順安路 / 高雄市路竹區無名路,120.238900,22.838020
嘉義縣朴子市竹村里台19線87.2公里與產業道路口,120.246290,23.436257
臺南市新市區國道8號 9公里400.0公尺處西側向交流道,120.277306,23.065320
宜蘭縣員山鄉內城村員山路2段東側 / 宜蘭縣員山鄉內城村惠民路北側,121.709024,24.722923
新北市五股區新北市五股區疏洪一路與疏洪六路,121.458371,25.075385
彰化縣秀水鄉鶴鳴村馬鳴路 / 彰化縣秀水鄉鶴鳴村彰鹿路,120.503701,24.059030
臺北市北投區福國路前0.0公尺,121.522520,25.102945
屏東縣萬丹鄉廣安村萬丹路2段口 / 屏東縣萬丹鄉廣安村廣維路口,120.487496,22.606213
苗栗縣竹南鎮台61線 93.6公里南側向機、慢車道,120.867431,24.704208
新北市三芝區新北市三芝區淡金公路(四棧橋39-1號),121.502434,25.259345
苗栗縣苑裡鎮東西七路與南北二路路口,120.640096,24.433150
新北市泰山區新北市泰山區大科路686之2號,121.389780,25.065670
臺中市和平區達觀里東崎街1段前0.0公尺,120.924441,24.306601
新北市樹林區新北市樹林區大安路與長壽街,121.426237,25.002193
花蓮縣花蓮市中正路與新興路口以北70公尺處外側路沿,121.614021,23.982046
新竹縣芎林鄉富林路一段與五和街口附近,121.119956,24.736322
高雄市大寮區國華街 / 高雄市大寮區無名路,120.399011,22.625047
南投縣埔里鎮中山路四段62號前,120.938357,23.965194
新北市樹林區新北市樹林區三俊街與俊興街,121.419688,25.016484
嘉義縣民雄鄉秀林村溪底寮82號前,120.464806,23.506232
臺南市仁德區大發路58號前0.0公尺,120.251336,22.984211
臺南市安南區台江大道2段201號,120.207324,23.057420
花蓮縣吉安鄉慶豐四街口 / 花蓮縣吉安鄉慶南三街口,121.570830,23.975420
雲林縣斗南鎮延平路二段與莒光街口,120.475931,23.670112
苗栗縣苑裡鎮舊社里苗130線與德行路口,120.680642,24.419439
臺北市士林區中山北路5段前0.0公尺,121.526360,25.087075
高雄市楠梓區德民路 / 高雄市楠梓區德民路,120.298872,22.723846
苗栗縣竹南鎮台61線93.7公里處北上慢車道,120.842473,24.676225
臺南市麻豆區南勢里南勢87之2號,120.272123,23.189311
臺北市士林區承德路4段277巷前0.0公尺,121.519832,25.089617
臺中市沙鹿區鹿峰里中清路七段北側 / 臺中市沙鹿區鹿峰里三民路,120.575650,24.251770
屏東縣崁頂鄉港東2號橋往南防汛道路旁水溝(台電電桿后廍90R41L9T3182EA20),120.478403,22.516677
嘉義縣中埔鄉富收村富裕路128號前0.0公尺附近,120.481528,23.447948
高雄市岡山區成功路 / 高雄市岡山區成功路,120.300574,22.810926
嘉義縣義竹鄉溪州村台19線91.45公里,120.245420,23.398974
嘉義縣大林鎮國道1號 251公里500.0公尺處北側向內側,120.432739,23.591355
臺南市玉井區台3線 371公里500.0公尺處西側向外側,120.477655,23.135629
新竹縣湖口鄉國道1號 84公里700.0公尺處北側向外側,121.064183,24.876976
桃園市八德區廣興路641號前0.0公尺附近,121.283737,24.946916
臺南市佳里區南47 2公里500.0公尺處,120.210043,23.173928
彰化縣秀水鄉金興村番花路 / 彰化縣秀水鄉金興村正興路,120.524454,24.014461
雲林縣北港鎮好收里雲162公路與產業道路口,120.288198,23.595787
雲林縣東勢鄉四美村四美,120.247094,23.726362
雲林縣二崙鄉定安村田寮(田寮28東17K2463FB32電桿),120.406220,23.815579
彰化縣鹿港鎮洋厝里鹿草路3段 / 彰化縣鹿港鎮洋厝里新厝巷,120.447937,24.090128
宜蘭縣頭城鎮吉祥路142號前0.0公尺北側,121.817545,24.859386
新北市板橋區新北市板橋區民生路3段40號,121.467479,25.024923
高雄市岡山區大仁北路 / 高雄市岡山區大仁北路,120.302375,22.792739
臺中市豐原區翁子里豐勢路2段245巷前0.0公尺,120.741628,24.263455
新北市板橋區新北市板橋區長江路1段105巷與環河西路,121.459465,25.029749
桃園市觀音區工業七路10號前0.0公尺,121.106436,25.052765
臺北市萬華區大理街 / 臺北市萬華區雙園街,121.493091,25.032270
臺南市將軍區忠嘉里南21線3.5公里,120.155169,23.201761
高雄市前鎮區中山四路 / 高雄市前鎮區凱旋四路,120.315436,22.596791
臺南市仁德區保安里文賢路2段45號,120.238128,22.920915
桃園市中壢區圓光路2段口 / 桃園市中壢區大莊路,121.172724,25.007968
新北市鶯歌區新北市鶯歌區堤外道路1K+000,121.350000,24.950000
花蓮縣豐濱鄉台11線 47公里200.0公尺處東側向外側,121.529255,23.617886
南投縣鹿谷鄉股聲巷9號附近,120.782616,23.720794
臺南市仁德區中洲路陸橋國道一號上方,120.263852,22.909759
臺南市永康區王行路1102-10號,120.274093,23.052105
彰化縣彰化市國道1號 195公里500.0公尺處南側向內側,120.553436,24.099005
新竹縣竹北市莊敬南路口 / 新竹縣竹北市成功十街,121.020040,24.816348
高雄市林園區石化三路9號前0.0公尺,120.405849,22.487654
花蓮縣壽豐鄉中山路6段170號,121.512510,23.875915
高雄市仁武區國道10號 4公里300.0公尺處東側向外側,120.351552,22.685030
臺北市萬華區萬板大橋往台北市前0.0公尺,121.491043,25.029496
高雄市阿蓮區中正路 / 高雄市阿蓮區中正路,120.333100,22.880690
高雄市楠梓區德中路 / 高雄市楠梓區大學二十九路,120.277277,22.723132
臺南市關廟區五甲里南雄路1段附近 / 臺南市關廟區五甲里南雄路1段口,120.333128,22.945183
南投縣集集鎮投54 3公里500.0公尺處,120.758129,23.830873
彰化縣鹿港鎮洋厝里新厝巷前0.0公尺,120.454415,24.086760
彰化縣和美鎮月眉里和港路552號前0.0公尺,120.489818,24.131780
屏東縣東港鎮興和里和東路27號前0.0公尺,120.480905,22.485999
屏東縣竹田鄉東西七路與過溝二路,120.515782,22.615991
彰化縣芬園鄉舊社村大彰路5段前0.0公尺,120.595087,24.028328
臺中市大雅區員林里神林路一段520巷前0.0公尺,120.661814,24.244196
嘉義縣六腳鄉蘇厝村縣道145線47.5公里與蘇厝村無名道路口,120.296300,23.555674
臺南市學甲區新榮里華宗路210號前0.0公尺,120.183495,23.225389
臺中市南區崇倫里崇倫街 / 臺中市南區崇倫里西川一路,120.655996,24.127821
高雄市三民區九如三路 / 高雄市三民區中庸街,120.285336,22.643770
高雄市田寮區國道3號 371公里100.0公尺處南側向外側,120.381735,22.851159
高雄市路竹區中山路226之1號前0.0公尺,120.259500,22.855590
新北市泰山區新北市泰山區大科路350002燈桿處,121.398532,25.058785
高雄市大社區中山路 / 高雄市大社區金龍路,120.353701,22.731153
花蓮縣瑞穗鄉台9線 251公里200.0公尺處南側,121.377562,23.534391
屏東縣屏東市和生路2段186號前0.0公尺,120.480580,22.652803
南投縣仁愛鄉投71 17公里20.0公尺處附近,121.047116,23.914570
宜蘭縣礁溪鄉匏杓崙路132號前0.0公尺,121.713216,24.808378
桃園市中壢區普仁里中山東路1段口 / 桃園市中壢區普仁里甘肅二街口,121.235279,24.955487
臺南市新營區嘉芳里復興路東側 / 臺南市新營區嘉芳街,120.285313,23.309081
屏東縣內埔鄉東寧村德光巷(路燈編號912-02209),120.561492,22.614317
桃園市楊梅區老莊路800號前0.0公尺,121.165369,24.881085
高雄市阿蓮區玉庫里無名路玉庫282電桿號前0.0公尺,120.310300,22.850110
彰化縣大城鄉山腳村鐵樹巷前0.0公尺,120.318026,23.840901
嘉義市西區北新里世賢路1段420號前0.0公尺,120.454930,23.481443
屏東縣枋山鄉台9線 451公里500.0公尺處南側向內側,120.702129,22.206985
彰化縣福興鄉秀厝村南環路3段前500.0公尺西側,120.425372,24.035457
臺北市中正區汀州路1段136號前0.0公尺,121.508073,25.029433
臺北市萬華區和平西路3段 / 臺北市萬華區廣州街,121.496965,25.036721
新竹市東區東大路橋往食品匝道口,120.977131,24.803769
雲林縣斗南鎮建國一路南側 / 雲林縣斗南鎮文化街東側,120.478224,23.683628
臺中市大安區中庄里中松路85號前0.0公尺,120.588791,24.348886
嘉義縣鹿草鄉施家村163線21公里900公尺處,120.300878,23.396990
桃園市大園區海港路口 / 桃園市大園區產業道路,121.231895,25.107666
屏東縣枋山鄉台1線451.5KM,120.651820,22.270348
桃園市觀音區二聖路口 / 桃園市觀音區六合街,121.138048,25.039155
高雄市林園區潭頭路226號前0.0公尺,120.396907,22.525924
彰化縣和美鎮嘉寶里嘉卿路1段390號前0.0公尺,120.518783,24.137150
臺南市善化區牛庄里區道南127-1線前0.0公尺,120.316002,23.148073
雲林縣北港鎮台19線往南,120.306717,23.608855
澎湖縣西嶼鄉縣203線 31公里400.0公尺處北側向外側,119.506271,23.587352
臺南市東區崇善路與崇善二街口,120.227854,22.977174
高雄市林園區中芸三路300號前0.0公尺,120.398532,22.494401
高雄市美濃區中正路2段543號前0.0公尺,120.536200,22.873650
彰化縣鹿港鎮海埔里鹿工路 / 彰化縣鹿港鎮海埔里鹿工北二路,120.412847,24.077578
新竹縣峨眉鄉台3線89.5公里,121.012094,24.691701
苗栗縣苑裡鎮苗140線與田心5路口,120.656476,24.415549
雲林縣水林鄉水南村產業道路蔦松40號電桿旁,120.227571,23.518240
宜蘭縣五結鄉國道5號 45公里100.0公尺處南側向外側,121.790787,24.700426
雲林縣斗六市明德北路西側 / 雲林縣斗六市文化路,120.556821,23.712800
雲林縣元長鄉龍岩村龍岩45之1號前路口,120.318171,23.622583
新竹縣新埔鎮楊新路1段318巷口,121.087108,24.831138
桃園市八德區國道2號 17公里300.0公尺處西側向外側,121.318584,24.969086
新北市五股區新北市五股區中興路與四維路,121.441968,25.081495
高雄市鳳山區經武路 / 高雄市鳳山區力行路,120.364568,22.639307
臺中市外埔區大同里三環路 / 臺中市外埔區大同里三環路,120.646815,24.328071
宜蘭縣員山鄉坡城路51-26號前0.0公尺附近,121.701291,24.779152
新北市貢寮區新北市貢寮區臺2線道路113.2K,121.944716,25.015890
臺中市西屯區台灣大道三段,120.647665,24.164183
雲林縣西螺鎮頂湳里145縣道台電電桿新社107A北側20公尺,120.443936,23.774492
臺南市北區成功路東側 / 臺南市北區金華路5段西側,120.196093,23.001476
屏東縣春日鄉力里村南和橋上,120.645783,22.437344
桃園市龍潭區中正路三坑段燈桿0302496處附近,121.247996,24.843865
苗栗縣苑裡鎮130縣道(福田里37之1號前),120.676017,24.422765
基隆市中正區基隆市中正區北寧路海洋大學工學館前,121.781361,25.149910
臺南市東山區三榮里南314線6.7K,120.387849,23.314019
高雄市岡山區嘉峰路93號前0.0公尺,120.312335,22.828214
新北市樹林區新北市樹林區環漢路5段與四維路,121.435191,24.995727
臺南市東區林森路2段250號北側,120.223928,22.992099
桃園市蘆竹區中正路南側 / 桃園市蘆竹區榮興路南側,121.295625,25.041164
雲林縣口湖鄉台61線 255公里800.0公尺處北側向內側,120.181360,23.518469
新北市新店區新北市新店區北宜路3段210巷與北宜路3段北宜公路18.1K,121.590221,24.951395
屏東縣萬丹鄉香社村萬新路口 / 屏東縣萬丹鄉香社村大勇路口,120.485722,22.555368
雲林縣東勢鄉縣道158甲,120.271758,23.720417
雲林縣斗六市文化路與引善路口,120.567973,23.716914
臺中市清水區中社里鎮政路前0.0公尺,120.552338,24.270722
臺南市永康區和平路189號,120.266273,23.054024
苗栗縣銅鑼鄉樟樹村竹圍32之1號,120.779234,24.448526
新竹縣新豐鄉瑞興村5鄰崁頭90號,121.014969,24.906912
高雄市旗山區延平一路 / 高雄市旗山區中華路,120.484779,22.882211
臺南市北區北門路二段口 / 臺南市北區公園北路口,120.213530,23.003935
新北市三峽區新北市三峽區佳興路與龍埔路,121.366667,24.933333
高雄市旗山區旗甲路3段489號前0.0公尺,120.507700,22.941830
桃園市蘆竹區中興路口 / 桃園市蘆竹區中興七街附近,121.261962,25.013106
新北市新莊區新北市新莊區光明路221149燈桿前,121.491111,25.059126
新竹縣新豐鄉竹2-1線0.5公里處,121.010533,24.913160
桃園市大園區橫峰里中山南路471號前0.0公尺附近,121.205174,25.056205
雲林縣麥寮鄉中興村工業路1500號前0.0公尺附近,120.219349,23.794209
苗栗縣三灣鄉栗縣三灣鄉124乙縣道1.7公里處,120.970384,24.643013
桃園市桃園區建國路口 / 桃園市桃園區延平路,121.314388,24.985619
花蓮縣吉安鄉中央路1段口 / 花蓮縣吉安鄉福興六街口,121.597223,23.994353
桃園市楊梅區楊湖路4段口 / 桃園市楊梅區上湖五路口,121.069675,24.911472
雲林縣水林鄉水南村東陽街(路燈編號090912旁),120.246252,23.568296
高雄市旗山區旗南二路 / 高雄市旗山區中寮一路,120.466123,22.848450
新竹縣湖口鄉光復北路口 / 新竹縣湖口鄉工業三路口,121.018059,24.866034
臺南市七股區大潭里省道臺17線口 / 臺南市七股區大潭里區道南30線口,120.133111,23.185111
桃園市蘆竹區海山路1段340號前0.0公尺,121.263319,25.097408
桃園市桃園區中山路827號前0.0公尺,121.288277,24.989660
雲林縣褒忠鄉新湖村新湖路26-4號前,120.289446,23.710711
花蓮縣新城鄉順安村北三棧119之1號前,121.633498,24.113543
高雄市鳥松區國道1號 364公里300.0公尺處南側向內側,120.335437,22.650917
新北市三重區新北市三重區忠孝路1段與自強路3段,121.490210,25.071872
臺東縣卑南鄉民生路口 / 臺東縣卑南鄉和平路口,121.100259,22.779518
高雄市美濃區廣興街86號前0.0公尺前,120.570200,22.917530
臺中市神岡區北庄里中山路1011號前0.0公尺,120.672238,24.255238
臺中市新社區中和里豐埔產業道路前0.0公尺,120.834061,24.172808
花蓮縣富里鄉台9線 298公里750.0公尺處,121.250129,23.184132
嘉義縣太保市新埤里台18線3公里200公尺處西向,120.344219,23.479904
桃園市中壢區高鐵南路5段東側 / 桃園市中壢區松仁路口,121.165330,24.963705
苗栗縣竹南鎮國道3號竹南段橋下的8號涵洞的西往東產業道路上,120.848546,24.684443
臺北市大安區和平東路1段 / 臺北市大安區新生南路2段,121.534777,25.026071
花蓮縣花蓮市華西路與193線道口附近,121.629768,24.024055
臺中市大里區永隆里大明路476號前0.0公尺,120.675865,24.114946
臺中市梧棲區中正里文化路二段117號前0.0公尺,120.530339,24.254969
臺中市北屯區水景里軍功路一段303號前0.0公尺,120.717372,24.167241
臺南市七股區大埕里大埕65號附近,120.150974,23.149554
屏東縣恆春鎮草埔路段,120.732865,22.015166
高雄市三民區建國一路 / 高雄市三民區民族一路,120.318832,22.640090
嘉義縣新港鄉大潭村164線與嘉85鄉道口,120.365414,23.555628
臺中市大里區新里里德芳路二段167號前0.0公尺,120.676383,24.103138
新竹縣新豐鄉建興路2段657號前0.0公尺,120.987113,24.897153
臺中市烏日區中山路三段1183號前0.0公尺,120.589140,24.113335
彰化縣永靖鄉港西村中山路1段708號前0.0公尺,120.544928,23.915293
臺南市後壁區長短樹里南80線頂長高幹33前,120.319442,23.360567
高雄市三民區鼎力路 / 高雄市三民區天祥一路,120.322184,22.666947
新北市五股區新北市五股區四維路與國道路3段,121.467370,25.073427
桃園市大園區許厝港路口 / 桃園市大園區潮音二路口,121.170082,25.077525
高雄市苓雅區中正一路 / 高雄市苓雅區高速公路西側便道,120.331817,22.628148
臺東縣臺東市中華路2段口 / 臺東縣臺東市衡陽路口,121.133513,22.742034
宜蘭縣頭城鎮環鎮東路二段與大武路口,121.831230,24.864267
臺北市大同區延平北路3段 / 臺北市大同區民權西路,121.511220,25.062788
臺北市信義區忠孝東路4段 / 臺北市信義區基隆路1段,121.564400,25.041240
臺東縣鹿野鄉永安村福鹿路138巷與福鹿路路口,121.122181,22.933894
高雄市大社區和平路1段 / 高雄市大社區和平路1段,120.361410,22.735629
桃園市大溪區康莊路3段附近 / 桃園市大溪區康莊路3段附近,121.272334,24.840346
臺中市南屯區楓樹里環中路五段 / 臺中市南屯區楓樹里精誠南路,120.640331,24.116975
桃園市八德區興豐路1151號前0.0公尺,121.305570,24.936677
南投縣信義鄉投97 9公里300.0公尺處東側向內側,120.987632,23.667976
宜蘭縣員山鄉內城村八甲路台電電桿內城(96 R9R12L4 E8770 AD32)),121.696710,24.721733
嘉義縣民雄鄉文隆村山腳1之78號前,120.432671,23.533657
雲林縣虎尾鎮虎興東二路與永興南七路口,120.420029,23.726251
花蓮縣新城鄉台8線 187公里500.0公尺處西側向路肩,121.636724,24.136321
澎湖縣西嶼鄉澎3號道與縣道203線岔路口(竹灣段),119.513771,23.616312
澎湖縣馬公市西文里縣道204道路口 / 澎湖縣馬公市西文里新店路口,119.587309,23.564898
花蓮縣新城鄉台9線 180.5公里附近向機、慢車道,121.605842,24.055256
彰化縣彰化市國聖里國聖路 / 彰化縣彰化市國聖里國聖路,120.546078,24.057431
臺中市霧峰區乾溪東路,120.693021,24.058598
臺中市霧峰區中正里四德路 / 臺中市霧峰區中正里林森路,120.695931,24.065745
苗栗縣苑裡鎮苗140線編號日田幹165電桿前,120.692689,24.373358
雲林縣二崙鄉大義村路燈130處路口,120.385316,23.792957
屏東縣長治鄉下寮巷(溪埔寮幹33R號前),120.540815,22.675335
臺南市後壁區竹新里新厝26號前南78-線上(仕安高幹2號),120.308472,23.340629
高雄市仁武區水管路竹後0044路燈號前0.0公尺前,120.328873,22.706374
臺南市東山區縣165線 16公里600.0公尺處南側向內側,120.406976,23.328906
臺南市關廟區國道3號 357公里北側向交流道,120.333961,22.971824
新北市新莊區新北市新莊區重新堤外道路808241燈桿前往三重,121.453971,25.033547
屏東縣里港鄉三和路102之4號前,120.503502,22.810391
屏東縣萬丹鄉萬丹路2段285號前0.0公尺,120.487016,22.607177
臺南市西港區台19線 126公里500.0公尺處北側向四岔路口,120.196822,23.137139
臺北市文山區羅斯福路4段 / 臺北市文山區基隆路4段,121.537085,25.010750
南投縣鹿谷鄉投100  10.25公里處,120.770637,23.810669
臺中市清水區中社里港埠路三段 / 臺中市清水區中社里中社路,120.547085,24.275491
臺中市中區綠川里建國路 / 臺中市中區綠川里民族路,120.683316,24.136360
雲林縣西螺鎮公館里156縣道20K往東50公尺處,120.442383,23.747926
新竹縣湖口鄉達生路口 / 新竹縣湖口鄉中正七街口,121.043324,24.896586
高雄市大社區中山路711號前0.0公尺前,120.366026,22.730079
屏東縣鹽埔鄉民治路126之1號前,120.580293,22.726795
桃園市楊梅區楊湖路1段94號前200.0公尺,121.139371,24.909292
臺南市龍崎區崎頂里新市子104號,120.364167,22.964307
桃園市新屋區社子里興福路346巷53弄168號前0.0公尺附近,121.081527,24.964233
桃園市龜山區長峰路36號前10.0公尺,121.341571,25.001575
臺南市下營區宅內里中正北路口 / 臺南市下營區中正北路口,120.258018,23.244882
嘉義縣中埔鄉和美村忠義路與和美路口,120.471521,23.458430
臺東縣東河鄉台11線 147公里700.0公尺處北側向路肩,121.206248,22.864122
彰化縣大村鄉平和村山腳路142-13號前0.0公尺前,120.578713,23.998580
高雄市楠梓區村左楠路4號前0.0公尺,120.302392,22.709029
臺中市清水區中山路 / 臺中市清水區文化路,120.573685,24.264311
臺中市大里區夏田里環河路一段408號前0.0公尺,120.670578,24.083935
南投縣埔里鎮中山路四段106號旁,120.932747,23.967181
雲林縣北港鎮草湖里台19線公路與產業道路口,120.307118,23.610451
臺中市北屯區三光里太原路三段 / 臺中市北屯區三光里九龍街,120.695365,24.164937
新竹縣新埔鎮文山里文山路口 / 新竹縣新埔鎮文山里陽明街口,121.034552,24.830958
苗栗縣苑裡鎮台一線141.9K處南下車道,120.644628,24.435238
臺北市文山區興隆路3段 / 臺北市文山區萬芳路,121.560044,24.996802
臺南市東山區聖賢里區道南314線附近 / 臺南市東山區聖賢里區道南102線附近,120.357309,23.309714
高雄市岡山區鵬程路 / 高雄市岡山區鵬程西街,120.296055,22.789302
宜蘭縣蘇澳鎮台9線 114公里700.0公尺處北側,121.832546,24.507860
高雄市美濃區清水街 / 高雄市美濃區八德街,120.527500,22.860750
臺南市麻豆區井東里安業113號前路口,120.247074,23.160886
宜蘭縣三星鄉尚貴路一段219號 往東80公尺,121.708792,24.693859
屏東縣長治鄉中興路與光華巷口前,120.533334,22.690554
彰化縣福興鄉大崙村大崙街13-23號前20.0公尺北側,120.475589,24.039576
臺中市烏日區光明里五光路復光三巷157號前0.0公尺,120.640818,24.100371
雲林縣虎尾鎮墾地里學府二路與科園路口,120.413202,23.741815
苗栗縣獅潭鄉台3線 110公里800.0公尺處北側向內側,120.931642,24.562266
彰化縣埔心鄉舊舘村中正路2段155號前0.0公尺前,120.523755,23.949288
雲林縣口湖鄉台子村台興路,120.143870,23.565887
臺中市南區崇倫里三民西路 / 臺中市南區崇倫里東興路,120.653263,24.128829
新北市新店區新北市新店區安業街與安利街旁,121.521187,24.974137
嘉義縣水上鄉粗溪村台1線274公里100公尺處北向車道,120.399771,23.435194
新北市新莊區新北市新莊區新北大道7段與壽山路,121.412075,25.028492
苗栗縣苗栗市文發路、文發路255巷口,120.811976,24.573749
高雄市大樹區興田路興田0205燈桿號前0.0公尺,120.301520,22.627160
嘉義縣番路鄉草山村台三線313公里500公尺處,120.613456,23.379417
新北市樹林區新北市樹林區柑園街2段175巷與佳園路3段68巷,121.380898,24.951979
宜蘭縣蘇澳鎮中山路2段口 / 宜蘭縣蘇澳鎮中山路2段口,121.834269,24.603032
高雄市大社區光華路 / 高雄市大社區保舍甲路,120.347548,22.746606
苗栗縣後龍鎮台6線 500.0公尺處西側,120.780618,24.601395
臺中市北區育德里中清路 / 臺中市北區育德里育德路,120.676246,24.157489
桃園市新屋區下埔里文化路三段南下車道50.8K附近(永安所;Q110030367),121.047216,25.010155
臺中市梧棲區北上153K處,120.538758,24.255833
桃園市八德區長興路350-5號前0.0公尺,121.276621,24.931638
臺南市安南區台江大道二段(近工明五路口),120.203844,23.058390
高雄市仁武區高楠公路62號前0.0公尺,120.323793,22.701434
嘉義縣中埔鄉金蘭村金蘭24-3號,120.506848,23.444068
屏東縣新園鄉興安路5號前,120.463904,22.512014
新北市五股區新北市五股區新五路2段與蓬萊路,121.438610,25.078531
臺北市信義區松山路 / 臺北市信義區福德街,121.578536,25.036229
苗栗縣卓蘭鎮中正路145號前0.0公尺,120.828424,24.312061
臺南市安南區長和路1段1巷(台電大豐高幹108-1電桿)前,120.238379,23.052107
嘉義縣太保市新埤里台18線與嘉49線路口,120.334605,23.475235
臺北市大同區鄭州路 / 臺北市大同區西寧北路,121.508202,25.050605
新竹縣湖口鄉新興路560之2號前0.0公尺附近,121.005827,24.878083
高雄市大寮區鳳林一路 / 高雄市大寮區無名路,120.401191,22.584481
高雄市三民區國道1號 364公里800.0公尺處南側向外側,120.333205,22.656458
臺中市霧峰區四德里四德北路63號前0.0公尺,120.664852,24.064608
彰化縣溪湖鎮番婆里彰水路2段463號前0.0公尺,120.480675,23.945903
雲林縣虎尾鎮惠來里145乙與產業道路口,120.495705,23.730013
新北市鶯歌區新北市鶯歌區福德一路1號旁,121.326089,24.935055
高雄市岡山區介壽西路 / 高雄市岡山區頂潭路,120.275737,22.784280
屏東縣萬丹鄉萬生村大學路103號前0.0公尺,120.517402,22.597528
臺南市左鎮區榮和里菜寮97號旁產業道路口,120.399183,23.061385
苗栗縣公館鄉五谷村五谷128-5號前水溝,120.816108,24.523414
臺南市安定區港南里國道8號側車道港口1-26號前0.0公尺,120.225706,23.085733
高雄市大寮區興隆路 / 高雄市大寮區東隆街,120.412430,22.607671
臺南市永康區中正北路與龍橋街口,120.261836,23.045786
高雄市美濃區復興街1段411巷中壇238電桿號前0.0公尺,120.548881,22.872118
臺中市南區南和里工學路40號前0.0公尺,120.666078,24.117029
苗栗縣苑裡鎮山柑里山柑2-1號旁二姐檳榔攤前,120.677302,24.388185
嘉義縣大林鎮排路里162線與早知路路口,120.429706,23.613579
彰化縣埤頭鄉豊崙村彰水路4段 / 彰化縣埤頭鄉豊崙村彰水路4段,120.474515,23.921561
高雄市大寮區鳳林三路373巷7之5號前0.0公尺,120.396500,22.601710
桃園市大溪區國道3號 58公里300.0公尺處北側向輔助,121.261727,24.886544
嘉義縣中埔鄉石硦村台三線309公里400公尺處,120.583205,23.373379
臺南市安南區安明路2段路燈117號前0.0公尺,120.159562,23.038870
彰化縣伸港鄉大同村中興路2段88號前0.0公尺前,120.485895,24.158920
臺中市新社區電桿成功幹163旁,120.888245,24.097551
桃園市桃園區龍壽街125號前0.0公尺附近,121.268315,24.981672
南投縣南投市中正路194號,120.691121,23.948843
臺中市神岡區圳前里中山路1720巷60號前0.0公尺,120.652993,24.264298
嘉義縣民雄鄉福興村牛稠溪1739號旁路口,120.420861,23.515962
屏東縣新園鄉港墘村港墘路2之398號號前0.0公尺附近,120.465870,22.534542
高雄市鳥松區文前路鳥松0047號前0.0公尺,120.348819,22.667292
臺中市南屯區楓樹里環中路五段 / 臺中市南屯區楓樹里永春東三路,120.631041,24.149175
高雄市左營區軍校路82號前0.0公尺,120.292626,22.689906
臺中市南區江川里建成路 / 臺中市南區江川里復興園路,120.672009,24.126484
高雄市前鎮區中山四路.號前0.0公尺,120.332117,22.576724
花蓮縣壽豐鄉中山路3段92號前0.0公尺,121.530914,23.909678
花蓮縣玉里鎮台30線 20公里500.0公尺處,121.337744,23.290706
宜蘭縣冬山鄉廣興路165號前0.0公尺附近,121.749843,24.670097
高雄市鳳山區澄清路 / 高雄市鳳山區中山西路,120.341900,22.630160
新北市石碇區新北市石碇區北宜公路27.3公里處,121.677618,24.937839
臺南市善化區蓮潭里目加溜灣大道前0.0公尺,120.307239,23.119163
新竹縣寶山鄉新湖路三段溪峰高幹164,121.004430,24.718997
高雄市林園區工業二路林工二047號前0.0公尺,120.394400,22.509230
嘉義縣大埔鄉西興村台三線351公里500公尺處,120.598792,23.301073
桃園市大園區田溪路照鏡橋旁,121.197903,25.033247
花蓮縣秀林鄉台8線 160.8公里附近,121.487902,24.198777
彰化縣溪湖鎮河東里環河路1段前0.0公尺,120.483431,23.966865
高雄市前鎮區后平路 / 高雄市前鎮區后安路,120.321232,22.572595
新竹縣新埔鎮文山路亞東段127號附近(電桿:遠東高幹7E0693GA97),121.061854,24.824496
桃園市大園區國道2號 4公里400.0公尺處東側向路肩,121.213828,25.056851
南投縣信義鄉投97 7公里700.0公尺處,120.940588,23.830053
高雄市甲仙區台29省道41公里號前0.0公尺,120.552023,23.045031
苗栗縣頭份市中正一路口 / 苗栗縣頭份市中正一路口,120.938685,24.683069
屏東縣萬巒鄉保安路1-2號旁,120.607415,22.616866
臺南市佳里區縣176線 14公里800.0公尺處東側向路肩,120.203713,23.172437
彰化縣田中鎮三安里員集路1段400號前0.0公尺,120.595635,23.844232
高雄市林園區林內路45巷28號前0.0公尺,120.400994,22.532839
桃園市八德區和平路870號前0.0公尺,121.319456,24.959296
臺北市大安區忠孝東路4段 / 臺北市大安區敦化南路1段,121.553466,25.041680
彰化縣埔鹽鄉新水村大新路1弄10-8號前0.0公尺附近,120.443777,23.988773
新北市鶯歌區新北市鶯歌區文化路407號,121.353220,24.949439
臺南市東山區聖賢里南314線4.5公里處,120.351522,23.308267
桃園市桃園區南平路橋上近春日路(M110040474)同安所,121.307160,25.021462
嘉義縣民雄鄉松山村松子腳38之4號旁,120.472417,23.540523
桃園市大園區中正東路1段330號前0.0公尺,121.198252,25.064041
新北市樹林區新北市樹林區中和街78之1號旁,121.382827,24.980909
臺南市麻豆區南48 500.0公尺處西側,120.228215,23.168182
高雄市橋頭區橋新六路新莊035燈桿號前0.0公尺,120.310347,22.747695
苗栗縣頭份市中華路與科東二路口,120.920972,24.701958
新北市三重區新北市三重區疏洪十二路中山橋下,121.473932,25.061249
臺南市南區86快速道路永成交流道匝道口,120.192582,22.933338
臺南市仁德區中正路一段口 / 臺南市仁德區中正路一段,120.242058,22.926463
雲林縣東勢鄉安南村縣道153北上慢車道4公里處,120.256158,23.707691
彰化縣永靖鄉同安村永福路1段692號前0.0公尺前,120.527908,23.924058
臺北市內湖區瑞光路 / 臺北市內湖區陽光街,121.578903,25.073895
臺北市松山區敦化北路 / 臺北市松山區八德路3段,121.549165,25.048221
桃園市觀音區中正路150號前0.0公尺,121.082363,25.033666
新北市新店區新北市新店區北宜路18.8K,121.542779,24.953206
嘉義縣太保市過溝里嘉56線5公里200公尺處,120.356358,23.493099
臺南市七股區大埕里大埕448號,120.140948,23.136229
桃園市蘆竹區南崁路2段口 / 桃園市蘆竹區長興路4段口,121.266856,25.062515
南投縣草屯鎮新豐里成功路一段與成功路一段1057巷口,120.686858,23.992372
彰化縣溪州鄉國道1號 221公里800.0公尺處北側向路肩,120.484795,23.832316
臺北市內湖區成功路2段179號前0.0公尺,121.590620,25.066251
高雄市大寮區華中路 / 高雄市大寮區188縣道,120.407774,22.586667
彰化縣溪州鄉舊眉村溪斗路 / 彰化縣溪州鄉舊眉村移民路,120.521934,23.856987
宜蘭縣蘇澳鎮海山東路口 / 宜蘭縣蘇澳鎮海山西路口,121.837716,24.611750
雲林縣東勢鄉東北村東勢東路,120.259939,23.675266
宜蘭縣羅東鎮中山路1段口 / 宜蘭縣羅東鎮191線道路口,121.796080,24.671749
臺中市西區後龍里民權路 / 臺中市西區後龍里後龍街,120.669823,24.147341
新北市泰山區新北市泰山區明志路2段273巷16弄20號,121.427704,25.046482
臺北市大安區長興街75號前0.0公尺,121.546432,25.015716
雲林縣麥寮鄉海豐村海豐橋杉仔腳(麥寮鄉013299路燈)附近,120.226224,23.761961
嘉義縣六腳鄉竹本村台19線76.8公里,120.264524,23.525619
新竹縣關西鎮縣118線 29.5公里附近向中線,121.203441,24.778366
花蓮縣吉安鄉吉豐路3段北側 / 花蓮縣吉安鄉香源路口,121.577140,23.963375
臺中市北屯區東山里東山路二段1巷8弄8-1號前0.0公尺,120.738312,24.179437
臺南市善化區文正里光復路口 / 臺南市善化區文正里陽明路口,120.285453,23.135285
臺中市大里區新里里國光路二段147號前0.0公尺,120.681736,24.102608
桃園市龜山區大湖路口 / 桃園市龜山區新興街口,121.352880,25.053251
臺南市北區海安路三段口 / 臺南市北區和緯路口,120.200615,23.011732
臺南市東區東平路102號前0.0公尺,120.230754,22.995366
屏東縣獅子鄉台9線 451公里南側向內側,120.736253,22.211192
苗栗縣獅潭鄉台三線108公里往南車道,120.930260,24.523866
屏東縣萬巒鄉屏東縣萬巒鄉萬巒鄉新厝村沿山公路與平和路口附近(屏185線44K處南下),120.621732,22.591331
臺中市西屯區福和里臺灣大道四段5巷281號前0.0公尺,120.628784,24.173432
嘉義縣番路鄉新福村台三線284.8公里處,120.532766,23.463013
臺中市清水區近民族路口往北30公尺,120.532895,24.272731
苗栗縣竹南鎮國道3號 114公里600.0公尺處北側向外側,120.876545,24.705293
彰化縣彰化市香山里彰南路3段2弄前0.0公尺,120.592274,24.078295
臺中市大甲區經國路前0.0公尺,120.624111,24.357463
屏東縣萬巒鄉泗溝村永全路永平路,120.580820,22.588206
新北市泰山區新北市泰山區大科一路299號,121.432627,25.061234
宜蘭縣員山鄉大湖路員山燈桿99089號附近,121.701355,24.744801
宜蘭縣羅東鎮純精路3段445號前0.0公尺附近,121.770529,24.688107
高雄市前鎮區村金福路 / 高雄市前鎮區東亞路,120.325803,22.569492
桃園市蘆竹區大興路口 / 桃園市蘆竹區中興路口,121.261485,25.012719
新北市樹林區新北市樹林區東佳路與東和街,121.401483,24.976986
花蓮縣花蓮市中山路口 / 花蓮縣花蓮市建國路口,121.604405,23.983358
宜蘭縣宜蘭市中山路1段口 / 宜蘭縣宜蘭市南津路,121.769142,24.718535
新北市樹林區新北市樹林區八德街與堤外道路,121.390575,24.968569
高雄市前鎮區過港隧道前鎮往旗津方向機車道400公尺處,120.318793,22.566788
澎湖縣馬公市啟明里民福路口 / 澎湖縣馬公市啟明里仁愛路口,119.568249,23.564883
苗栗縣苑裡鎮140線與苗43線路口,120.712954,24.360719
桃園市桃園區桃鶯路474號前0.0公尺,121.324388,24.973796
苗栗縣後龍鎮台72線 2.8公里西側向內側,120.791811,24.611970
彰化縣鹿港鎮海埔里鹿草路2段 / 彰化縣鹿港鎮海埔里鹿草路2段,120.441126,24.073678
苗栗縣銅鑼鄉銅鑼村19鄰中正路17號,120.786152,24.481002
臺中市沙鹿區電線桿神清幹13前,120.602976,24.260048
宜蘭縣礁溪鄉191縣道路口 / 宜蘭縣礁溪鄉武暖路口,121.777928,24.782060
高雄市大社區中正路 / 高雄市大社區大社路,120.348891,22.733197
高雄市梓官區信義路彌陀BB23號前0.0公尺,120.261566,22.764307
宜蘭縣頭城鎮猴洞橋東端(台9線69.7K)附近,121.822913,24.615380
桃園市中壢區龍慈路口 / 桃園市中壢區龍岡路3段,121.236026,24.930096
南投縣埔里鎮枇杷路83號附近,120.987811,23.952097
高雄市阿蓮區民生路286號前0.0公尺,120.323303,22.888824
臺南市新營區埤寮里埤寮96號,120.320635,23.326986
高雄市三民區明誠二路48號前0.0公尺,120.321600,22.666660
南投縣草屯鎮山腳里富林路1段607號,120.689448,23.970127
臺中市梧棲區頂寮里大智路二段 / 臺中市梧棲區頂寮里八德路,120.532023,24.260495
桃園市桃園區國際路一段413巷56號前0.0公尺,121.288176,24.970951
屏東縣屏東市和生路二段口 / 屏東縣屏東市和生路二段口,120.484568,22.651771
高雄市六龜區台27線 2公里100.0公尺處北側,120.668212,23.058331
宜蘭縣三星鄉大洲路262號前0.0公尺北側,121.727919,24.698084
屏東縣枋寮鄉台17線與東林路口,120.588774,22.394783
臺北市中正區南海路 / 臺北市中正區和平西路2段,121.509193,25.030489
桃園市龜山區萬壽路2段口 / 桃園市龜山區新樂街口,121.362018,25.001666
彰化縣竹塘鄉竹元村竹鹿路前0.0公尺,120.420757,23.859545
桃園市桃園區桃鶯路220號前0.0公尺,121.319660,24.980856
高雄市鳳山區南榮路 / 高雄市鳳山區鳳南路,120.335746,22.601128
臺中市后里區公館里三豐路五段131號前0.0公尺,120.728924,24.329658
臺南市善化區嘉北里省道臺1線前0.0公尺,120.331601,23.148216
新北市永和區新北市永和區中山路1段35號,121.513195,25.010467
高雄市阿蓮區台28省道 / 高雄市阿蓮區台39省道,120.307700,22.877770
雲林縣口湖鄉崙東村中山路(路燈編號076778旁),120.164878,23.617793
彰化縣芳苑鄉崙腳村草崙路13弄78號前0.0公尺,120.368247,23.961864
新竹市東區忠孝路口 / 新竹市東區建功一路,120.991682,24.803687
桃園市桃園區新埔六街116號前0.0公尺附近,121.302046,25.016040
臺中市烏日區榮泉里中山路三段 / 臺中市烏日區榮泉里榮和路,120.597998,24.111375
嘉義市東區國道3號 295公里800.0公尺處南側向內側,120.494951,23.490193
臺南市下營區大吉里南57線0.8公里處,120.268580,23.229291
臺中市大甲區義和里經國路 / 臺中市大甲區義和里文曲路,120.617771,24.340803
新北市五股區新北市五股區疏洪北路與成洲八路,121.450777,25.074792
臺東縣太麻里鄉台9線 393公里500.0公尺處南側向中外,120.984759,22.572182
彰化縣永靖鄉永興村永興路1段 / 彰化縣永靖鄉永興村永興路1段,120.568185,23.925185
臺南市北門區永隆里省道臺17線口 / 臺南市北門區永隆里臺84下東西平面道路口,120.129744,23.278386
臺中市清水區鰲峰里中航路三段1號前0.0公尺,120.582748,24.266095
新竹縣竹北市中華路678號附近,121.005316,24.847459
桃園市平鎮區金陵路7段口 / 桃園市平鎮區石門大圳便道口,121.232474,24.903581
臺北市萬華區漢中街 / 臺北市萬華區成都路,121.507498,25.042382
臺中市東勢區北興里東關路7段口 / 臺中市東勢區北興里正二街口,120.824030,24.258123
高雄市鼓山區馬卡道路 / 高雄市鼓山區青海路,120.301520,22.627160
新竹縣橫山鄉中豐路二段與仁愛街口,121.144077,24.716594
高雄市鳳山區五甲一路口 / 高雄市鳳山區凱旋路口,120.350453,22.612226
臺中市龍井區新庄里向上路六段 / 臺中市龍井區新庄里南新路,120.574315,24.181149
桃園市觀音區大觀路1段口 / 桃園市觀音區大觀路1段,121.154819,25.053194
桃園市龍潭區公園路燈桿0301089前,121.218904,24.867078
新北市新店區國道3號 31公里北側向路肩,121.525159,24.968556
臺中市大里區內新里內新街108號前0.0公尺,120.693208,24.113118
新北市三重區新北市三重區疏洪十二路(中山橋下方),121.472134,25.064110
高雄市左營區村明誠二路 / 高雄市左營區富國路,120.306600,22.675510
高雄市六龜區台20線 75公里東側,120.683072,23.092348
桃園市龜山區振興路1057號前0.0公尺,121.370161,25.025131
臺中市清水區頂湳里大田產業道路前0.0公尺,120.613414,24.306006
南投縣鹿谷鄉初鄉村中正路3段-投151線2.8k,120.727733,23.761516
雲林縣斗六市雲林路二段357號前,120.528617,23.701134
臺北市信義區永吉路 / 臺北市信義區松山路,121.577596,25.045478
新竹縣新豐鄉竹六線與中崙村產業道路,121.016842,24.891475
高雄市大樹區台29省道前0.0公尺,120.443461,22.716890
臺南市安平區安北路180號前0.0公尺,120.159519,23.002544
臺中市南區和平里東興路一段 / 臺中市南區和平里樹義一巷,120.657298,24.118571
臺南市仁德區一甲里中正路三段口 / 臺南市仁德區一甲里忠義路口,120.254018,22.976666
高雄市鳥松區村學堂路 / 高雄市鳥松區北平路,120.399263,22.657401
雲林縣東勢鄉東北村北環東路前0.0公尺,120.257410,23.679456
南投縣名間鄉員集路路燈002029處,120.715155,23.830615
彰化縣田中鎮沙崙里中州路2段 / 彰化縣田中鎮沙崙里中州路2段,120.574844,23.847539
桃園市觀音區新華路1段968號前0.0公尺,121.122731,25.000380
嘉義縣民雄鄉東湖村建國路二段260之1號前,120.433617,23.548382
新竹縣寶山鄉寶新路2段附近 / 新竹縣寶山鄉東坑路口,120.972838,24.738262
宜蘭縣蘇澳鎮台9線 105公里500.0公尺處,121.848748,24.590838
臺北市大同區承德路3段 / 臺北市大同區敦煌路,121.519936,25.075247
屏東縣長治鄉下寮巷33號附近,120.541570,22.675478
南投縣南投市登施路路燈32115,120.645486,23.911451
苗栗縣公館鄉館南村館南312號前,120.827956,24.493460
屏東縣屏東市和生路1段口 / 屏東縣屏東市歸仁路口,120.502764,22.657894
高雄市大寮區村八德路中庄256路燈號前0.0公尺前,120.399250,22.632331
臺南市永康區富強路一段97號前,120.273089,23.015514
臺中市北屯區水景里太原路三段 / 臺中市北屯區水景里景賢六路,120.711641,24.164543
臺南市南區萬年路363號口,120.189693,22.936597
桃園市楊梅區楊新路1段口 / 桃園市楊梅區楊新路1段,121.138625,24.917673
苗栗縣通霄鎮台1線123.8k北上車道與台61線上匝道入口處(南下),120.715890,24.570544
彰化縣芳苑鄉仁愛村斗苑路頂後段 / 彰化縣芳苑鄉仁愛村芳寮路,120.349311,23.905155
新北市石碇區新北市石碇區北宜公路23.4公里處,121.677618,24.937839
雲林縣斗六市虎溪里西平路511號前0.0公尺,120.526072,23.721391
高雄市三民區村大裕路 / 高雄市三民區大興街,120.328611,22.653993
桃園市觀音區成功路1段268之1號前0.0公尺,121.143344,25.054691
桃園市蘆竹區中正北路12號前0.0公尺,121.291976,25.030272
彰化縣和美鎮還社里彰新路4段343號前0.0公尺,120.520357,24.122545
臺南市仁德區中洲里依仁路，中洲橋,120.253564,22.910337
臺南市學甲區三慶里區道南2線紅茄62-8號口,120.192900,23.286624
臺南市七股區七股區篤加里南25-3公路1.4公尺處,120.119023,23.150047
南投縣魚池鄉文武巷1-20號前,120.939764,23.888223
臺南市新營區國道1號 286公里200.0公尺處南側向內側,120.286667,23.301615
宜蘭縣頭城鎮吉祥路平交道(宜蘭線八堵起56K+918M),121.821130,24.856319
嘉義縣大林鎮平林里水源路與水源路73巷路口,120.461451,23.605202
南投縣埔里鎮台21線 52公里400.0公尺處東側,120.922306,23.931625
臺東縣成功鎮台11線 99公里800.0公尺處附近,121.401884,23.211924
臺南市新營區興業里延平路急水溪橋北上車道(3851號路燈),120.312899,23.296011
雲林縣虎尾鎮埒內里埒內路255-51號口,120.447459,23.728920
高雄市大寮區村大寮路 / 高雄市大寮區無名路,120.408310,22.593648
高雄市永安區村永達路永安156燈桿號前0.0公尺,120.217378,22.825671
南投縣國姓鄉中正路1段(台14線35K),120.818403,24.008664
桃園市楊梅區裕成路上(編號0410867)路燈桿旁,121.164241,24.907063
花蓮縣花蓮市防汛道路豐村132之3號前0.0公尺,121.594367,24.012668
新北市五股區新北市五股區壟鉤路燈桿344007,121.415173,25.087111
雲林縣斗南鎮台78線下台1線匝道(台78線32.8公里西向),120.462496,23.662277
雲林縣口湖鄉台61線公路(北上245.4公里處),120.156830,23.567409
彰化縣溪州鄉潮洋村陸軍路1段 / 彰化縣溪州鄉潮洋村陸軍路1段,120.519090,23.813128
南投縣草屯鎮御史里玉屏路珍東橋旁,120.714894,24.001001
苗栗縣三灣鄉苗124線18.5公里處,120.983720,24.639374
桃園市大園區大觀路口 / 桃園市大園區大觀路,121.165841,25.057894
嘉義市西區湖內里湖子內路 / 嘉義市西區湖內里環湖路,120.438530,23.442324
臺中市新社區復盛里中和街三段 / 臺中市新社區復盛里橫屏巷,120.803048,24.234506
雲林縣斗南鎮雲林縣斗南鎮新崙里雲181線道與雲181縣產業道口,120.438922,23.673310
雲林縣北港鎮樹腳里產業道路北好38西10A電桿旁,120.285481,23.589053
苗栗縣銅鑼鄉銅鑼村東田洋5號,120.786215,24.476256
新北市永和區新北市永和區中正路與永貞路,121.515196,24.996749
嘉義縣中埔鄉裕民村嘉135線與嘉134線岔路口,120.514987,23.431690
屏東縣枋寮鄉台1線 436公里北側向內側,120.598734,22.377527
臺中市烏日區國道1號 185公里500.0公尺處北側向外側,120.593458,24.115535
臺南市歸仁區後市里國光街附近 / 臺南市歸仁區後市里民族一街口,120.291320,22.968925
臺中市和平區達觀里東崎路1段前0.0公尺,120.922541,24.311165
花蓮縣富里鄉台9線 288公里700.0公尺處口,121.296967,23.253970
桃園市桃園區莊敬路二段往桃園方向近寶慶路口(路邊停車格063號前),121.288052,25.020443
新北市新莊區新北市新莊區中環路3段245629燈桿,121.442470,25.053583
高雄市阿蓮區村中山路339號前0.0公尺,120.326474,22.873935
新竹市香山區華江街39巷與華江街47巷口,120.919215,24.807998
高雄市鳳山區村文教路 / 高雄市鳳山區文昌二街,120.352056,22.633541
新竹縣竹北市東興路二段1038巷口,121.066335,24.785133
臺南市安南區大眾路(本田高幹114-1號燈桿),120.137781,23.028908
臺中市大里區西湖里大峰路57號前0.0公尺,120.690268,24.074927
新竹市香山區中華路5段513巷,120.912465,24.761113
臺南市鹽水區水秀里區道南74線口 / 臺南市鹽水區水秀里區道南80線口,120.287342,23.328847
屏東縣屏東市公興路368巷(口),120.478184,22.642440
臺中市霧峰區國道6號 1公里西側向路肩,120.725635,24.006451
屏東縣枋寮鄉台17線 272公里,120.586659,22.398257
新北市新莊區新北市新莊區民安路與成功街,121.429414,25.021668
臺東縣臺東市正氣北路口 / 臺東縣臺東市綏遠路1段口,121.113841,22.761635
屏東縣屏東市機場北路(過福德祠第二支路燈桿),120.477635,22.672427
嘉義市東區國道3號 294公里400.0公尺處北側向內側,120.494951,23.490193
臺南市七股區龍山里9-2號前,120.117431,23.137197
屏東縣高樹鄉尚和路、中正路口,120.617799,22.759849
南投縣草屯鎮新庄里芬草路二段與日新街口,120.677469,23.988383
苗栗縣苑裡鎮140線東向車道7.5公里處,120.677887,24.387553
屏東縣枋山鄉台1線 448公里800.0公尺處南側向機、慢車道,120.643964,22.293113
臺南市新市區永就里中山路口 / 臺南市新市區永就里新港社大道口,120.281876,23.062297
臺南市山上區178甲線與南184線道路口,120.359667,23.096719
南投縣草屯鎮碧洲里草溪路富貴巷涵洞前,120.671082,23.948673
雲林縣四湖鄉林厝村台78線入61線匝道,120.177399,23.694194
臺北市南港區忠孝東路7段前0.0公尺,121.598557,25.051030
宜蘭縣宜蘭市鎮平二路口 / 宜蘭縣宜蘭市慈航一路口,121.741774,24.765705
新北市五股區新北市五股區中興路3段2巷10號與中興路,121.447698,25.083632
嘉義縣太保市南新里159線13公里400公尺處,120.387420,23.496098
嘉義縣新港鄉南港村南港9號前,120.315631,23.560968
彰化縣鹿港鎮廖厝里廖厝巷 / 彰化縣鹿港鎮廖厝里廖厝巷,120.468392,24.085358
花蓮縣玉里鎮長良23號前,121.287824,23.274760
新竹縣竹北市福興路口 / 新竹縣竹北市嘉勤南路,121.014827,24.820777
新北市五股區新北市五股區登林路74號,121.429202,25.069413
臺南市新營區王公里中正路口 / 臺南市新營區王公里中正路口,120.316341,23.318182
新竹縣竹東鎮國道3號 90公里400.0公尺處北側向中線,121.077315,24.762436
彰化縣二林鎮趙甲里鎮平巷前0.0公尺,120.394914,23.936865
臺北市內湖區成美橋前0.0公尺,121.582633,25.054483
彰化縣埤頭鄉元埔村農場路前0.0公尺,120.495306,23.874511
新北市汐止區新北市汐止區新台五路2段240號(536041燈桿旁),121.672210,25.065983
高雄市鳳山區國道1號 370公里北側向中線,120.337037,22.617258
桃園市蘆竹區八德一路前0.0公尺,121.345154,25.065914
嘉義縣竹崎鄉灣橋村5鄰朴子埔181號前東向,120.512795,23.490211
新北市新店區新北市新店區新烏路1段58號之2,121.546022,24.949787
新竹縣關西鎮錦山里10鄰115號暗潭高幹244E3282AE07電桿,121.257936,24.779685
高雄市美濃區村光復街59號前0.0公尺前,120.541800,22.869060
新竹縣湖口鄉勝利路1段68號,121.033390,24.867717
新北市永和區新北市永和區環河西路2段,121.499881,25.008991
桃園市大園區中山南路(113線6K往青埔),121.212797,25.041087
高雄市甲仙區村台29省道34.5K號前0.0公尺前,120.587900,23.088090
新竹縣關西鎮國道3號 78公里南側向內側,121.147636,24.806710
嘉義縣鹿草鄉下麻村嘉39線3公里500公尺處附近,120.348724,23.422742
臺南市北區忠義路三段口 / 臺南市北區佑民街,120.205117,22.998940
高雄市大社區中山路42-1號前0.0公尺,120.342994,22.732372
苗栗縣卓蘭鎮中正路8號,120.823965,24.310322
屏東縣屏東市復興南路2段前0.0公尺南側,120.485072,22.634190
雲林縣虎尾鎮平和里青埔防汛道路燈桿(編號138)前,120.451622,23.700479
新竹縣北埔鄉台3線79.8公里,121.064659,24.706351
雲林縣褒忠鄉王厝寮龍巖分線王厝67西3電桿旁,120.343416,23.735315
臺南市安定區新吉里國道8號側車道新吉281-19號前0.0公尺,120.208730,23.089265
新北市坪林區新北市坪林區106乙線20.5公里處,121.684445,24.945417
臺北市士林區環河北路3段 / 臺北市士林區社中街,121.501261,25.090454
桃園市中壢區榮民南路665-1號前0.0公尺,121.258083,24.942742
臺中市太平區福隆里太堤東路前0.0公尺,120.731555,24.123305
彰化縣彰化市福田里彰南路6段19號前0.0公尺前,120.618560,24.058608
嘉義縣朴子市順天里文化北路口 / 嘉義縣朴子市四維路3段,120.241144,23.468125
雲林縣麥寮鄉麥津村中與路311號前0.0公尺,120.251000,23.757835
新北市泰山區新北市泰山區明志路2段與新生路,121.428278,25.051751
嘉義市西區大溪里高鐵大道前0.0公尺,120.403531,23.486743
花蓮縣吉安鄉海岸路86號前0.0公尺,121.592143,23.960681
花蓮縣秀林鄉景美村加灣178之20號前以北200公尺處,121.613208,24.092052
新北市三重區新北市三重區仁愛街與元信二街,121.489488,25.082266
彰化縣溪湖鎮西勢里彰水路1段367號前0.0公尺前,120.482903,23.937521
臺南市七股區台17線 155公里200.0公尺處口,120.134359,23.163904
臺南市關廟區國道3號 353公里北側向中線,120.333961,22.971824
高雄市小港區村北林路11號前0.0公尺,120.371346,22.555459
桃園市觀音區台61線平面道路與保障五路口,121.137599,25.070460
臺中市南區福平里復興路2段160號前0.0公尺,120.665552,24.126573
雲林縣臺西鄉和豐村台17線,120.237431,23.736859
臺南市永康區王行路口 / 臺南市永康區永科王田大道口,120.275061,23.046686
桃園市桃園區國際路二段口 / 桃園市桃園區益壽七街口,121.288397,24.991723
臺中市豐原區大湳里三豐路1段前0.0公尺,120.720211,24.259456
新竹縣竹北市中華路口 / 新竹縣竹北市中華路857巷口口,121.005149,24.847518
桃園市新屋區員本里民富幹58號前(富岡所;Q110060029),121.085526,24.952544
臺南市安南區台江大道三段,120.182833,23.060888
宜蘭縣礁溪鄉礁溪路7段89號前0.0公尺附近,121.786708,24.836945
雲林縣二崙鄉田尾村雲33道路路燈電桿230742號旁路口,120.418971,23.759881
桃園市新屋區新生里中山路570號前0.0公尺,121.098520,24.973629
雲林縣虎尾鎮惠來里雲145乙線296127號燈桿前,120.479795,23.735770
臺南市東山區縣165線 16公里附近,120.406865,23.333535
高雄市林園區鳳林路1段 / 高雄市林園區東林東路,120.397619,22.503794
臺中市神岡區中山路口 / 臺中市神岡區中山路口,120.682509,24.246788
桃園市楊梅區富岡里新明街766號前0.0公尺西側,121.064782,24.930017
彰化縣彰化市國道1號 199公里800.0公尺處北側向中線,120.553433,24.099015
桃園市中壢區莊敬路口 / 桃園市中壢區普騰街,121.255168,24.964448
宜蘭縣宜蘭市南津路口 / 宜蘭縣宜蘭市凱旋路口,121.760812,24.720393
高雄市楠梓區加昌路 / 高雄市楠梓區加昌路,120.319356,22.723574
新北市林口區新北市林口區台15線道18.6K處,121.343132,25.101927
嘉義市西區北新里文化路1059之1號前0.0公尺,120.436877,23.506612
高雄市左營區文育路 / 高雄市左營區文瑞路,120.316600,22.676690
臺南市學甲區台84線 5公里500.0公尺處,120.180327,23.264679
新竹縣竹北市國道1號 90公里400.0公尺處南側向外側,121.019194,24.827118
臺中市石岡區和盛里豐勢路56號前0.0公尺,120.815603,24.260721
雲林縣二崙鄉油車村埤腳42號前,120.380998,23.801584
桃園市中壢區環北路72號前0.0公尺附近,121.218502,24.966084
新竹縣竹東鎮中興路二段100號前,121.065376,24.758973
新竹市北區經國路二段580號前,120.954639,24.802577
臺南市中西區西門路二段東側 / 臺南市中西區郡緯街北側,120.200645,22.998528
臺中市北屯區舊社里松竹路一段 / 臺中市北屯區舊社里敦富路,120.707465,24.182533
臺中市北區光大里公園路 / 臺中市北區光大里柳川西路,120.678100,24.148862
臺南市七股區永吉里(北塭高幹12右10)電桿前未命道路路口,120.127855,23.098971
桃園市觀音區忠愛路1段90號前0.0公尺,121.166292,24.994214
雲林縣麥寮鄉橋頭村11鄰橋頭301號前,120.271657,23.790445
臺北市中正區忠孝東路2段 / 臺北市中正區金山南路1段,121.529780,25.043090
臺南市歸仁區大廟里大廟六街253巷、台三九(附近),120.282297,23.001732
新竹市東區明湖路408號,120.967486,24.785215
臺中市南屯區豐樂里永春東路 / 臺中市南屯區豐樂里豐富路,120.648100,24.134670
桃園市大園區建國路附近 / 桃園市大園區海港路,121.252644,25.111079
花蓮縣花蓮市中興路西側 / 花蓮縣花蓮市忠義二街口,121.632397,23.992464
宜蘭縣宜蘭市東港路2段26號前0.0公尺,121.770709,24.750835
臺南市東區崇善路口 / 臺南市東區崇德十五街口,120.230506,22.970421
新北市板橋區縣民大道1段口 / 新北市板橋區民權路口,121.458208,25.007392
臺中市龍井區福田里臨港東路二段 / 臺中市龍井區福田里臨港東路二段,120.516815,24.197798
嘉義市西區重興里自由路 / 嘉義市西區重興里友忠路,120.441117,23.485270
臺南市鹽水區歡雅里南6線與南5線路口,120.240279,23.291762
彰化縣永靖鄉崙子村至賢巷前0.0公尺,120.570138,23.934193
臺南市佳里區台19線 119公里北側向機車優先道,120.189030,23.197639
嘉義縣梅山鄉瑞峰村162甲線36公里500公尺處,120.671455,23.553719
嘉義縣溪口鄉坪頂村民族東路坪頂31分10號電桿處,120.407045,23.601033
高雄市路竹區環球路476號前0.0公尺,120.258253,22.881387
桃園市中壢區山東路903巷B2035EA14桿旁,121.171304,25.014825
桃園市龍潭區中原路2段口 / 桃園市龍潭區六槓寮路口,121.192276,24.844749
屏東縣崁頂鄉崁頂村中興路43號前0.0公尺,120.509943,22.512228
新北市永和區環河西路2段口 / 新北市永和區保生路口,121.499881,25.008991
臺中市西區忠明里臺灣大道二段407號前0.0公尺,120.663356,24.154769
南投縣名間鄉出林虎路1段636號前0.0公尺,120.653992,23.851863
高雄市內門區182縣道29.6公里號前0.0公尺,120.427050,22.929094
新竹市北區中正路附近 / 新竹市北區境福街附近,120.961044,24.815574
臺中市后里區舊社里舊社路前0.0公尺,120.689927,24.290500
花蓮縣鳳林鎮平善路口 / 花蓮縣鳳林鎮民國街口,121.464825,23.773309
新竹縣湖口鄉民生街363號前0.0公尺,121.054649,24.904832
屏東縣東港鎮中正路二段與沿海路路口,120.467480,22.480901
臺北市中山區民權東路2段196號前0.0公尺,121.536079,25.062325
高雄市三民區國道1號 363公里400.0公尺處南側向路肩,120.333205,22.656458
臺北市士林區百齡橋前0.0公尺,121.509007,25.086686
臺東縣卑南鄉泰安村泰安路425號前0.0公尺,121.068905,22.798976
新北市土城區新北市土城區承天路053608號燈桿處,121.436049,24.966143
新竹縣峨眉鄉台3線 89公里400.0公尺處,120.993842,24.700820
新北市鶯歌區鶯桃路口 / 新北市鶯歌區永吉街口,121.342275,24.951636
宜蘭縣宜蘭市黎明二路口 / 宜蘭縣宜蘭市黎明二路口,121.773713,24.748286
彰化縣福興鄉西勢村福建路126號前0.0公尺,120.434404,24.039568
新北市三重區河邊北街口 / 新北市三重區河邊北街口,121.503661,25.068101
臺中市北屯區松強里松竹路 / 臺中市北屯區松強里松和街,120.693282,24.182942
臺南市鹽水區岸內里蔦松路(路燈編號591267)前,120.272135,23.333636
桃園市大園區三民路2段810-1號前0.0公尺附近,121.260969,25.069873
屏東縣九如鄉九如路一段69之8號前,120.488595,22.722886
臺北市大同區民生西路 / 臺北市大同區環河北路1段,121.508185,25.056895
屏東縣枋山鄉台26線 6公里900.0公尺處北側向路肩,120.700097,22.153352
桃園市中壢區東園路附近 / 桃園市中壢區吉林路附近,121.239306,24.979223
屏東縣萬丹鄉竹林村竹林路28號,120.510417,22.596241
高雄市鼓山區中華一路 / 高雄市鼓山區美術北三路,120.292308,22.662519
臺南市柳營區八翁里南69線3.4公里處,120.291292,23.271276
新竹市東區東大路口 / 新竹市東區北大路,120.969889,24.810966
苗栗縣頭份市興隆里苗２鄉道興國幹95D9266EA03號電桿前,120.940109,24.704443
臺北市北投區洲美街267號前0.0公尺,121.499093,25.106776
嘉義縣水上鄉義興村村里道路(燈桿編號:127887),120.416677,23.420924
桃園市觀音區廣大路542巷前0.0公尺附近,121.155247,25.032096
高雄市燕巢區深興路2054路燈號前0.0公尺東側,120.393401,22.773010
新北市瑞芳區台2線 77公里9.0公尺處東側,121.842028,25.122113
高雄市前鎮區擴建路 / 高雄市前鎮區建基街,120.297551,22.595945
苗栗縣銅鑼鄉國道1號 138公里南側向外側,120.787798,24.461485
臺中市新社區協中街前0.0公尺,120.813351,24.188069
桃園市楊梅區三湖里楊湖路1段818號前150.0公尺,121.121605,24.911434
高雄市路竹區大公路161號前0.0公尺,120.227600,22.861000
彰化縣埔心鄉仁里村王厝路288號前0.0公尺前,120.537821,23.929613
臺東縣關山鎮海端西庄1號,121.176354,23.085211
雲林縣土庫鎮土庫鎮後埔里雲158甲公路連興傢俱行前路口,120.368437,23.698010
南投縣草屯鎮中山里中興路38號前,120.681599,23.974379
臺南市柳營區人和里長榮路四段、無名道路-路口(柳營區570567路燈),120.293901,23.287475
屏東縣萬丹鄉新庄村中興路1段口 / 屏東縣萬丹鄉新庄村新社路口,120.476874,22.568447
彰化縣彰化市國道1號 196公里北側向內側,120.553433,24.099015
高雄市仁武區國道1號 358公里500.0公尺處北側向輔助,120.328824,22.705846
雲林縣莿桐鄉中山路與雲156線道口,120.496117,23.761193
臺中市大肚區新興里沙田路二段222號前0.0公尺,120.549464,24.140446
臺南市佳里區海澄里,120.161556,23.183682
桃園市龍潭區中豐路737號前0.0公尺附近,121.212684,24.889726
雲林縣水林鄉大溝村164公路(水林路燈090243號)對面,120.215987,23.573532
嘉義市東區民族里民族路 / 嘉義市東區民族里共和路,120.456303,23.476602
臺南市西港區台19線 127公里300.0公尺處附近向未加蓋水溝,120.199426,23.133966
臺中市南屯區國道1號 181公里300.0公尺處北側向內側,120.617928,24.139493
臺北市內湖區國道1號 18公里700.0公尺處南側向路肩,121.589230,25.065516
基隆市安樂區基金三路71-1號前0.0公尺,121.697248,25.154440
桃園市龜山區文化三路口 / 桃園市龜山區龜山一路口,121.361000,25.064227
臺南市永康區中正北路713號前0.0公尺,120.262097,23.046378
雲林縣口湖鄉成龍村台17線與雲131公路口,120.167604,23.557308
雲林縣土庫鎮後埔里雲158公路20公里處路口,120.369674,23.704837
彰化縣北斗鎮大新里四海路2段 / 彰化縣北斗鎮大新里斗中路,120.548923,23.871435
高雄市鳳山區中山東路227號前0.0公尺,120.372597,22.625055
臺東縣臺東市台11線 174公里,121.070355,22.710245
臺中市清水區中華路口 / 臺中市清水區中山路口,120.575785,24.278105
臺中市南屯區寶山里向上路五段前0.0公尺,120.595033,24.156897
新北市中和區和城路1段 / 新北市中和區連城路,121.485198,24.993454
臺中市西屯區協和里五權西路 / 臺中市西屯區協和里工業區二十八路,120.598150,24.163080
苗栗縣獅潭鄉台六線30公里處,120.877771,24.467961
宜蘭縣五結鄉孝威路南側 / 宜蘭縣五結鄉五結路2段,121.808954,24.687057
臺南市永康區大灣路942巷371弄92號前,120.253433,23.007770
屏東縣新園鄉內庄村興安路76號前0.0公尺,120.462690,22.526200
彰化縣芬園鄉芬園村縣芬路183號前0.0公尺,120.632992,24.009504
新北市板橋區南雅南路2段 / 新北市板橋區南雅南路2段,121.452231,24.996701
桃園市大溪區員東路289號旁(電桿三塊分線20支7),121.257671,24.885893
屏東縣屏東市復興路南側 / 屏東縣屏東市棒球路東側,120.486907,22.657715
南投縣草屯鎮碧洲里碧興路一段,120.656480,23.959664
臺南市南區永成路2段600號前0.0公尺,120.195583,22.954673
屏東縣新園鄉興安路328號前,120.459991,22.537062
臺中市中區繼光里民族路 / 臺中市中區繼光里繼光街,120.681521,24.137928
苗栗縣銅鑼鄉苗119線23.5KM(興隆村16號),120.815418,24.450253
彰化縣和美鎮犁盛里彰新路2段 / 彰化縣和美鎮犁盛里東谷路,120.535343,24.098581
臺中市后里區墩東里成功路 / 臺中市后里區墩東里文明路,120.717639,24.306852
屏東縣林邊鄉中山路281-1號前0.0公尺,120.514172,22.435116
新竹市香山區台61線與中華路五段208巷口,120.916702,24.785565
屏東縣長治鄉中興路635號,120.548806,22.694977
新北市坪林區新北市坪林區北宜公路54.1公里處,121.720231,24.901738
臺南市永康區中山北路699號,120.275278,23.030751
臺中市太平區聖和里長龍路一段中山巷158號前0.0公尺,120.753043,24.118547
高雄市田寮區國道3號 370公里100.0公尺處南側向外側,120.381792,22.851111
彰化縣二林鎮華崙里二溪路7段 / 彰化縣二林鎮華崙里二溪路7段,120.444650,23.954564
屏東縣萬丹鄉維新路西側 / 屏東縣萬丹鄉頂本路,120.498198,22.604950
臺北市文山區羅斯福路6段23號前0.0公尺,121.539819,24.999989
臺中市霧峰區丁台里丁台路 / 臺中市霧峰區丁台里丁台路,120.672783,24.044752
屏東縣內埔鄉北寧路二段1巷與樹寧巷口,120.559854,22.627195
臺中市沙鹿區清泉里中清路六段 / 臺中市沙鹿區清泉里東大路二段,120.614963,24.243550
臺北市大安區忠孝東路3段224號前0.0公尺,121.540396,25.041589
屏東縣屏東市忠孝路口 / 屏東縣屏東市廣東路,120.489077,22.687793
新北市八里區新北市八里區長道坑道路電桿399492,121.396111,25.109071
高雄市鳳山區五甲一路 / 高雄市鳳山區臨海路,120.345300,22.604630
臺中市北區邱厝里育德路2號前0.0公尺,120.680462,24.157328
高雄市梓官區赤崁東路90巷赤東0202路燈號前0.0公尺,120.250617,22.737009
高雄市小港區港美街 / 高雄市小港區小港路,120.340075,22.565256
基隆市暖暖區基隆市暖暖區八堵路八堵隧道口往市區方向,121.733213,25.110002
臺南市安南區安和路五段與安和路五段336巷,120.216101,23.069372
桃園市楊梅區台1線 51公里990.0公尺處南側向內側,121.109725,24.895519
新竹縣竹北市鳳岡路2段口 / 新竹縣竹北市鳳岡路2段口,120.976652,24.859527
屏東縣南州鄉七塊村七塊路6號前0.0公尺附近,120.502131,22.478842
臺東縣關山鎮台9線 320公里900.0公尺處北側,121.152701,23.018217
屏東縣佳冬鄉中山路南側 / 屏東縣佳冬鄉大同路西側,120.563086,22.428113
臺北市士林區延平北路6段 / 臺北市士林區通河西街2段,121.497967,25.093992
桃園市中壢區環西路2段101號前0.0公尺附近,121.209483,24.964076
桃園市桃園區三民路二段口 / 桃園市桃園區中央街口,121.315512,25.001108
雲林縣崙背鄉南陽村武昌巷路燈電桿211369號前,120.345302,23.761058
彰化縣埔心鄉義民村員鹿路2段67號前0.0公尺前,120.549625,23.952396
臺南市後壁區長短樹里南85線與後廓外環道口,120.333313,23.372045
桃園市龜山區文化一路41號前0.0公尺附近,121.370524,25.060931
雲林縣四湖鄉湖寮村下寮產業道路,120.224295,23.637832
宜蘭縣宜蘭市慈航路口 / 宜蘭縣宜蘭市雪峰路口,121.741353,24.768378
彰化縣彰化市富貴里中正路2段 / 彰化縣彰化市富貴里中華路,120.537008,24.077039
彰化縣彰化市國聖里國聖路175弄前0.0公尺,120.572646,24.104538
臺中市后里區公館里安眉路 / 臺中市后里區公館里福安路,120.740993,24.329555
新北市板橋區新北市板橋區堤外機車專用道路2K+500,121.469820,25.036062
新北市五股區新北市五股區臺64線道路五股二匝道往五股方向轉彎處,121.398394,25.141247
屏東縣新埤鄉新埤村萬興路185號附近,120.559685,22.469845
屏東縣屏東市自由路與口 / 屏東縣屏東市迪化一街口口,120.478683,22.681779
嘉義縣大埔鄉和平村台3線335公里處,120.606243,23.308373
臺中市大雅區西寶里昌平路四段515號前0.0公尺,120.670840,24.227260
嘉義縣大林鎮西林里民生路與中正路路口,120.451017,23.600061
宜蘭縣冬山鄉冬山路2段西側 / 宜蘭縣冬山鄉大安路南側,121.788790,24.634272
臺南市白河區南90 8公里700.0公尺處,120.440771,23.376413
新竹縣竹東鎮長春路3段261號前0.0公尺,121.081812,24.745390
桃園市中壢區圓光路2段口 / 桃園市中壢區大莊路口,121.172697,25.007993
雲林縣虎尾鎮西屯里大屯334號前,120.384376,23.703080
新北市八里區新北市八里區臺64線道路與臺64線道路八里匝道往中華路,121.444316,25.058071
南投縣草屯鎮北投里北投路159號前,120.664849,23.983981
高雄市大寮區鳳林二路 / 高雄市大寮區新厝路,120.411817,22.561158
臺中市大里區健民里仁化工三路 / 臺中市大里區健民里仁化工一路,120.725491,24.091424
彰化縣福興鄉台61線 183公里100.0公尺處南側向內側,120.394402,24.036757
高雄市橋頭區成功南路新莊1912路燈號前0.0公尺,120.314700,22.749350
屏東縣九如鄉台3線427.5公里與堤防路口,120.489824,22.739527
臺東縣卑南鄉台9線 345公里600.0公尺處,121.097182,22.864567
新北市貢寮區新北市貢寮區臺2線道路112.3公里處,121.944716,25.015890
臺中市霧峰區四德里四德路474-2號前0.0公尺,120.675742,24.063981
彰化縣埤頭鄉國道1號 218公里北側向中線,120.490954,23.879498
花蓮縣瑞穗鄉瑞祥村温泉路2段東側 / 花蓮縣瑞穗鄉瑞祥村北六路口,121.353587,23.493791
桃園市平鎮區南平路2段46號前0.0公尺,121.203068,24.921265
新北市淡水區新北市淡水區中正東路2段179號之往台北對面,121.460478,25.143585
臺中市沙鹿區居仁里臺灣大道七段957號前0.0公尺,120.563056,24.240000
新北市新莊區思源路 / 新北市新莊區中原路,121.460423,25.042322
嘉義縣太保市東勢里產業道路(燈桿安東15東分2附近),120.307717,23.463198
桃園市龍潭區中正路三坑段附近 / 桃園市龍潭區永福路口,121.244414,24.841457
臺東縣池上鄉福文村東3線與文田路路口,121.218279,23.129391
臺南市新化區護國里中山路96號前0.0公尺,120.313598,23.042199
桃園市平鎮區復旦路二段口 / 桃園市平鎮區廣泰路口,121.201386,24.947345
高雄市橋頭區國道1號 352公里700.0公尺處南側向內側,120.333758,22.753875
花蓮縣玉里鎮長良143號前,121.288295,23.277001
新竹市香山區中華路六段460巷,120.913117,24.734015
臺中市北屯區東山里東山路一段 / 臺中市北屯區東山里祥順路二段,120.737369,24.178431
嘉義市東區民族里吳鳳北路 / 嘉義市東區民族里光華路,120.453435,23.477829
桃園市中壢區忠義路49號前0.0公尺,121.239674,24.961530
新竹縣橫山鄉中豐路三段66號,121.162575,24.739019
彰化縣二林鎮西斗里斗苑路2段806號前0.0公尺前,120.430932,23.896428
苗栗縣通霄鎮坪頂里苗37線6公里處,120.712843,24.441051
花蓮縣吉安鄉東里十一街64號前0.0公尺,121.596121,23.964043
臺東縣臺東市中華路口 / 臺東縣臺東市復興路口,121.150913,22.752001
屏東縣萬丹鄉田厝村惠崙路口 / 屏東縣萬丹鄉田厝村惠崙路口,120.475039,22.587652
新北市三重區國道路1段135號前0.0公尺,121.481260,25.072889
苗栗縣通霄鎮國道3號 141公里400.0公尺處南側向內側,120.703844,24.490201
宜蘭縣蘇澳鎮蘇濱路3段176號前8.0公尺附近,121.835110,24.643009
高雄市路竹區高11鄉道社東550燈桿號前0.0公尺,120.286300,22.863450
桃園市新屋區東明里中山西路1段438號前0.0公尺附近,121.086092,24.975993
彰化縣大城鄉公館村東平路前0.0公尺,120.347625,23.906731
新北市石門區新北市石門區台2線道路與阿里荖15號,121.607722,25.280475
高雄市仁武區高楠公路28號前0.0公尺,120.321851,22.692201
臺南市後壁區嘉苳里省道臺1線口 / 臺南市後壁區嘉苳里區道南80線口,120.356303,23.350212
苗栗縣後龍鎮台61線98.3公里處北向側車道,120.798295,24.646322
彰化縣大村鄉福興村東美路前0.0公尺,120.585045,23.989089
雲林縣麥寮鄉麥寮鄉崙後村沙崙後8-10號旁路口,120.265970,23.769019
屏東縣屏東市公園路口 / 屏東縣屏東市民權路口,120.492301,22.673795
嘉義縣義竹鄉溪洲村村里道路(鳳山宮牌樓前),120.245220,23.390473
臺東縣長濱鄉台11線 92公里100.0公尺處附近,121.425713,23.272367
桃園市大溪區康莊路5段403巷前0.0公尺口,121.268646,24.829029
新北市永和區新北市永和區福和橋道路往台北市方向,121.515477,25.017918
臺中市西區雙龍里英才路 / 臺中市西區雙龍里模範街,120.665285,24.147474
桃園市中壢區環西路2段101號前0.0公尺附近,121.209778,24.964084
嘉義縣鹿草鄉西井村167線7公里700公尺處,120.298578,23.419315
屏東縣新園鄉仙吉村仙吉路291號前0.0公尺,120.442154,22.477400
桃園市八德區國道2號 19公里900.0公尺處西側向外側,121.325041,24.954143
屏東縣枋山鄉加祿路枋山-枋寮線108-13號電桿前,120.622731,22.337234
臺中市北屯區東山里東山路二段前0.0公尺,120.772645,24.197222
臺中市清水區國道4號 2公里800.0公尺處西側向交流道,120.695360,24.271531
臺東縣太麻里鄉台九線400.65K南下車道,120.959055,22.506938
高雄市鳳山區中山東路 / 高雄市鳳山區勝利路,120.373794,22.625541
新北市新莊區中環路1段 / 新北市新莊區景德路,121.442516,25.056761
屏東縣竹田鄉信實路177號,120.544718,22.593208
臺南市永康區鹽水溪河堤道路西往東鹽洲里323號路燈附近,120.237734,23.049218
屏東縣萬丹鄉廣安村萬丹路2段口 / 屏東縣萬丹鄉廣安村萬丹路2段口,120.486564,22.609794
桃園市大園區大觀路口 / 桃園市大園區大觀路,121.164458,25.057300
南投縣草屯鎮中山里草溪路791號,120.679296,23.972447
桃園市龜山區文化一路口 / 桃園市龜山區文德路口,121.376425,25.054914
新北市土城區金城路3段 / 新北市土城區延和路,121.470289,24.989384
臺北市信義區基隆路2段131-4號前0.0公尺,121.556580,25.028032
臺中市梧棲區草湳里港埠路一段547號前0.0公尺,120.530450,24.237225
臺東縣臺東市台11線 174公里200.0公尺處,121.069404,22.710388
雲林縣四湖鄉鹿場村下鹿場路139號前0.0公尺,120.232912,23.617432
基隆市暖暖區基隆市暖暖區八堵路189-5號之5八堵加油站對面,121.711565,25.114249
臺中市南區永和里高工路391號前0.0公尺,120.667945,24.114561
臺南市鹽水區汫水里南77線1公里處,120.272627,23.339662
屏東縣萬丹鄉台88線 16.3公里50.0公尺處附近向交流道,120.481275,22.569148
臺東縣鹿野鄉台9線 332公里500.0公尺處,121.145035,22.932031
花蓮縣豐濱鄉台11線 32公里700.0公尺處附近向內側,121.556610,23.733981
彰化縣二林鎮萬合里江山巷前0.0公尺,120.407469,23.930397
花蓮縣吉安鄉縣193線 20公里900.0公尺處北側,121.594433,23.939998
新北市樹林區三龍街 / 新北市樹林區俊興街,121.414232,25.018608
臺南市佳里區文化路25號,120.181778,23.163125
花蓮縣豐濱鄉台11線 39公里500.0公尺處,121.548314,23.688892
桃園市中壢區國道1號 59公里500.0公尺處北側向外側,121.218300,24.971384
高雄市燕巢區中民路 / 高雄市燕巢區中西路,120.358964,22.793116
彰化縣鹿港鎮溝墘里溝墘巷87之26號前0.0公尺,120.483878,24.084418
桃園市桃園區大興西路1段口 / 桃園市桃園區新埔六街口,121.303018,25.013468
苗栗縣苑裡鎮海線 167.0公里453.0公尺,120.677505,24.409826
新竹縣新埔鎮中正路與中正一街口,121.082781,24.826966
基隆市安樂區基金一路110-62號前0.0公尺,121.714236,25.140380
新竹縣新豐鄉建興路1段198-39號前0.0公尺附近,120.996279,24.869983
雲林縣崙背鄉舊庄村154縣道頂厝枝1號電桿前,120.334686,23.788466
桃園市龜山區長壽路口 / 桃園市龜山區光峰路口,121.342810,25.001612
新北市五股區中興路3段168號前0.0公尺,121.443881,25.081347
南投縣仁愛鄉台14甲線 7公里400.0公尺處附近,121.158471,24.045367
苗栗縣造橋鄉國道3號 121公里100.0公尺處北側向中外,120.832635,24.650664
彰化縣埤頭鄉永豊村斗苑西路前0.0公尺,120.446505,23.894010
桃園市八德區新興路924號前0.0公尺,121.278064,24.942780
新北市土城區國道3號 40公里500.0公尺處南側向內側,121.441498,24.966118
嘉義縣中埔鄉富收村嘉139線5.8公里處,120.490205,23.441779
桃園市平鎮區中豐路口 / 桃園市平鎮區中豐路口,121.215669,24.935480
新北市樹林區新北市樹林區中山路2段72號對面,121.415511,24.984179
臺東縣臺東市中興路1段口 / 臺東縣臺東市泰安街口,121.140352,22.767968
南投縣埔里鎮中山路四段2之5號對面,120.944389,23.966331
桃園市中壢區中豐路129號前0.0公尺,121.220006,24.962359
高雄市楠梓區鳳楠路 / 高雄市楠梓區楠興東路,120.332643,22.720404
新北市新莊區新北市新莊區重新堤外道路與重新堤外道路10K+100往樹林方向,121.453971,25.033547
高雄市三民區中華二路 / 高雄市三民區熱河二街,120.291760,22.644803
臺南市佳里區縣176線 12公里750.0公尺處西側,120.186983,23.164846
高雄市田寮區外安 / 高雄市田寮區外安,120.388708,22.861438
新竹縣新豐鄉康樂路1段306巷前0.0公尺附近,120.986755,24.870812
彰化縣田中鎮中路里文中街 / 彰化縣田中鎮中路里文中一街,120.591093,23.854376
彰化縣芬園鄉縣庄村彰南路2段526號前0.0公尺,120.632973,23.995006
新北市土城區金城路2段 / 新北市土城區裕民路,121.455572,24.982137
高雄市小港區鳳林路東側 / 高雄市小港區鳳北路,120.344412,22.528432
苗栗縣後龍鎮復興里新港三路1220號,120.809958,24.610433
高雄市鳳山區五甲三路 / 高雄市鳳山區五福二路,120.324500,22.590270
嘉義市西區湖內里健康三路 / 嘉義市西區湖內里湖美十路,120.436513,23.447869
臺南市玉井區台3線 374公里900.0公尺處向外側,120.472351,23.114833
臺東縣臺東市中華大橋北端(台11線160K)處,121.173547,22.776035
桃園市八德區中山一路101號前0.0公尺,121.282893,24.921706
彰化縣員林市三和里浮圳路2段177號前0.0公尺前,120.582371,23.967296
新北市板橋區新北市板橋區海山路與民族路219巷口,121.468854,25.009212
高雄市三民區九如二路 / 高雄市三民區重慶街,120.301796,22.641339
桃園市中壢區中央東路口 / 桃園市中壢區建國路口,121.225742,24.956462
彰化縣溪州鄉三條村三西路 / 彰化縣溪州鄉三條村俊智路1巷,120.489099,23.824512
臺南市後壁區後壁區長短樹里一般道路營竹高幹100號電桿前,120.329123,23.352038
桃園市龜山區振興路229巷往長壽路方向(振興路電桿0801530號前),121.352759,25.006902
臺南市西港區金砂里南44-1線公路1.8公里處,120.202739,23.156334
花蓮縣吉安鄉台9丙線 9公里500.0公尺處南側,121.537926,23.944249
桃園市蘆竹區南竹路2段口 / 桃園市蘆竹區蘆興南路口,121.280370,25.037300
高雄市林園區沿海路2段 / 高雄市林園區林園南路,120.396400,22.500570
雲林縣斗南鎮國道1號 243公里300.0公尺處南側向外側,120.460922,23.675468
高雄市湖內區中山路 / 高雄市湖內區民生街,120.251374,22.879274
臺南市安南區海佃路1段東側 / 臺南市安南區海佃路1段南側,120.190940,23.027807
桃園市大園區新生路66號前0.0公尺,121.199716,25.065106
桃園市大園區台61線34K北上側車道旁平面道路,121.178267,25.082194
高雄市路竹區環球路 / 高雄市路竹區新生路,120.302445,22.873952
新竹市東區中華路一段口 / 新竹市東區太原路,120.992211,24.814581
